order_item_id,order_id,product_id,quantity,unit_price,discount_pct,customer_id,order_date,order_status,sales_channel,customer_name,email,city,state,signup_date,customer_segment,product_name,category,brand,cost_price,list_price,gross,discount,net,cost,profit,margin_pct
20001,10001,1,1,450,0,1,2026-01-01,Placed,Web,Customer 1,customer1@example.com,Chennai,Tamil Nadu,2026-01-04,Premium,Product 1,Electronics,Aster,217.0,288.61,450,0.0,450.0,217.0,233.0,51.78
20002,10002,8,2,587,5,2,2026-02-06,Paid,Mobile,Customer 2,customer2@example.com,Bengaluru,Karnataka,2026-02-07,Corporate,Product 8,Sports,Cobalt,476.0,595.0,1174,58.7,1115.3,952.0,163.29999999999995,14.64
20003,10003,15,3,724,10,3,2026-03-11,Shipped,Store,Customer 3,customer3@example.com,Hyderabad,Telangana,2026-03-10,Standard,Product 15,Fashion,Evergreen,735.0,1095.15,2172,217.20000000000002,1954.8,2205.0,-250.20000000000005,-12.8
20004,10004,22,4,861,15,4,2026-04-16,Delivered,Web,Customer 4,customer4@example.com,Mumbai,Maharashtra,2026-04-13,Premium,Product 22,Home,BluePeak,994.0,1401.54,3444,516.6,2927.4,3976.0,-1048.6,-35.82
20006,10006,36,1,1135,0,6,2026-06-26,Placed,Store,Customer 6,customer6@example.com,Kochi,Kerala,2026-06-19,Standard,Product 36,Electronics,Aster,1512.0,1890.0,1135,0.0,1135.0,1512.0,-377.0,-33.22
20007,10007,43,2,1272,5,7,2026-07-04,Paid,Web,Customer 7,customer7@example.com,Chennai,Tamil Nadu,2026-07-22,Premium,Product 43,Sports,Cobalt,1771.0,2638.79,2544,127.2,2416.8,3542.0,-1125.1999999999998,-46.56
20008,10008,50,3,1409,10,8,2026-08-09,Shipped,Mobile,Customer 8,customer8@example.com,Bengaluru,Karnataka,2026-08-25,Corporate,Product 50,Fashion,Evergreen,2030.0,2862.3,4227,422.70000000000005,3804.3,6090.0,-2285.7,-60.08
20009,10009,7,4,1546,15,9,2026-01-14,Delivered,Store,Customer 9,customer9@example.com,Hyderabad,Telangana,2026-01-01,Standard,Product 7,Home,BluePeak,439.0,654.11,6184,927.5999999999999,5256.4,1756.0,3500.3999999999996,66.59
20011,10011,21,1,1820,0,11,2026-03-24,Placed,Mobile,Customer 11,customer11@example.com,Pune,Maharashtra,2026-03-07,Corporate,Product 21,Electronics,Aster,957.0,1272.81,1820,0.0,1820.0,957.0,863.0,47.42
20012,10012,28,2,1957,5,12,2026-04-02,Paid,Store,Customer 12,customer12@example.com,Kochi,Kerala,2026-04-10,Standard,Product 28,Sports,Cobalt,1216.0,1520.0,3914,195.70000000000002,3718.3,2432.0,1286.3000000000002,34.59
20013,10013,35,3,2094,10,13,2026-05-07,Shipped,Web,Customer 13,customer13@example.com,Chennai,Tamil Nadu,2026-05-13,Premium,Product 35,Fashion,Evergreen,1475.0,2197.75,6282,628.2,5653.8,4425.0,1228.8000000000002,21.73
20014,10014,42,4,2231,15,14,2026-06-12,Delivered,Mobile,Customer 14,customer14@example.com,Bengaluru,Karnataka,2026-06-16,Corporate,Product 42,Home,BluePeak,1734.0,2444.94,8924,1338.6,7585.4,6936.0,649.3999999999996,8.56
20016,10016,6,1,2505,0,16,2026-08-22,Placed,Web,Customer 16,customer16@example.com,Mumbai,Maharashtra,2026-08-22,Premium,Product 6,Electronics,Aster,402.0,566.82,2505,0.0,2505.0,402.0,2103.0,83.95
20017,10017,13,2,2642,5,17,2026-01-27,Paid,Mobile,Customer 17,customer17@example.com,Pune,Maharashtra,2026-01-25,Corporate,Product 13,Sports,Cobalt,661.0,879.13,5284,264.2,5019.8,1322.0,3697.8,73.66
20018,10018,20,3,2779,10,18,2026-02-05,Shipped,Store,Customer 18,customer18@example.com,Kochi,Kerala,2026-02-01,Standard,Product 20,Fashion,Evergreen,920.0,1150.0,8337,833.7,7503.3,2760.0,4743.3,63.22
20019,10019,27,4,2916,15,19,2026-03-10,Delivered,Web,Customer 19,customer19@example.com,Chennai,Tamil Nadu,2026-03-04,Premium,Product 27,Home,BluePeak,1179.0,1756.71,11664,1749.6,9914.4,4716.0,5198.4,52.43
20021,10021,41,1,3190,0,21,2026-05-20,Placed,Store,Customer 21,customer21@example.com,Hyderabad,Telangana,2026-05-10,Standard,Product 41,Electronics,Aster,1697.0,2257.01,3190,0.0,3190.0,1697.0,1493.0,46.8
20022,10022,48,2,3327,5,22,2026-06-25,Paid,Web,Customer 22,customer22@example.com,Mumbai,Maharashtra,2026-06-13,Premium,Product 48,Sports,Cobalt,1956.0,2445.0,6654,332.70000000000005,6321.3,3912.0,2409.3,38.11
20023,10023,5,3,3464,10,23,2026-07-03,Shipped,Mobile,Customer 23,customer23@example.com,Pune,Maharashtra,2026-07-16,Corporate,Product 5,Fashion,Evergreen,365.0,485.45,10392,1039.2,9352.8,1095.0,8257.8,88.29
20024,10024,12,4,3601,15,24,2026-08-08,Delivered,Store,Customer 24,customer24@example.com,Kochi,Kerala,2026-08-19,Standard,Product 12,Home,BluePeak,624.0,780.0,14404,2160.6,12243.4,2496.0,9747.4,79.61
20026,10026,26,1,3875,0,26,2026-02-18,Placed,Mobile,Customer 26,customer26@example.com,Bengaluru,Karnataka,2026-02-25,Corporate,Product 26,Electronics,Aster,1142.0,1610.22,3875,0.0,3875.0,1142.0,2733.0,70.53
20027,10027,33,2,4012,5,27,2026-03-23,Paid,Store,Customer 27,customer27@example.com,Hyderabad,Telangana,2026-03-01,Standard,Product 33,Sports,Cobalt,1401.0,1863.33,8024,401.20000000000005,7622.8,2802.0,4820.8,63.24
20028,10028,40,3,4149,10,28,2026-04-01,Shipped,Web,Customer 28,customer28@example.com,Mumbai,Maharashtra,2026-04-04,Premium,Product 40,Fashion,Evergreen,1660.0,2075.0,12447,1244.7,11202.3,4980.0,6222.299999999999,55.54
20029,10029,47,4,4286,15,29,2026-05-06,Delivered,Mobile,Customer 29,customer29@example.com,Pune,Maharashtra,2026-05-07,Corporate,Product 47,Home,BluePeak,1919.0,2859.31,17144,2571.6,14572.4,7676.0,6896.4,47.33
20031,10031,11,1,4560,0,31,2026-07-16,Placed,Web,Customer 31,customer31@example.com,Chennai,Tamil Nadu,2026-07-13,Premium,Product 11,Electronics,Aster,587.0,874.63,4560,0.0,4560.0,587.0,3973.0,87.13
20032,10032,18,2,4697,5,32,2026-08-21,Paid,Mobile,Customer 32,customer32@example.com,Bengaluru,Karnataka,2026-08-16,Corporate,Product 18,Sports,Cobalt,846.0,1192.86,9394,469.70000000000005,8924.3,1692.0,7232.299999999999,81.04
20033,10033,25,3,4834,10,33,2026-01-26,Shipped,Store,Customer 33,customer33@example.com,Hyderabad,Telangana,2026-01-19,Standard,Product 25,Fashion,Evergreen,1105.0,1469.65,14502,1450.2,13051.8,3315.0,9736.8,74.6
20034,10034,32,4,4971,15,34,2026-02-04,Delivered,Web,Customer 34,customer34@example.com,Mumbai,Maharashtra,2026-02-22,Premium,Product 32,Home,BluePeak,1364.0,1705.0,19884,2982.6,16901.4,5456.0,11445.400000000001,67.72
20036,10036,46,1,5245,0,36,2026-04-14,Placed,Store,Customer 36,customer36@example.com,Kochi,Kerala,2026-04-01,Standard,Product 46,Electronics,Aster,1882.0,2653.62,5245,0.0,5245.0,1882.0,3363.0,64.12
20037,10037,3,2,5382,5,37,2026-05-19,Paid,Web,Customer 37,customer37@example.com,Chennai,Tamil Nadu,2026-05-04,Premium,Product 3,Sports,Cobalt,291.0,433.59,10764,538.2,10225.8,582.0,9643.8,94.31
20038,10038,10,3,5519,10,38,2026-06-24,Shipped,Mobile,Customer 38,customer38@example.com,Bengaluru,Karnataka,2026-06-07,Corporate,Product 10,Fashion,Evergreen,550.0,775.5,16557,1655.7,14901.3,1650.0,13251.3,88.93
20039,10039,17,4,5656,15,39,2026-07-02,Delivered,Store,Customer 39,customer39@example.com,Hyderabad,Telangana,2026-07-10,Standard,Product 17,Home,BluePeak,809.0,1075.97,22624,3393.6,19230.4,3236.0,15994.400000000001,83.17
20041,10041,31,1,5930,0,41,2026-01-12,Placed,Mobile,Customer 41,customer41@example.com,Pune,Maharashtra,2026-01-16,Corporate,Product 31,Electronics,Aster,1327.0,1977.23,5930,0.0,5930.0,1327.0,4603.0,77.62
20042,10042,38,2,6067,5,42,2026-02-17,Paid,Store,Customer 42,customer42@example.com,Kochi,Kerala,2026-02-19,Standard,Product 38,Sports,Cobalt,1586.0,2236.26,12134,606.7,11527.3,3172.0,8355.3,72.48
20043,10043,45,3,6204,10,43,2026-03-22,Shipped,Web,Customer 43,customer43@example.com,Chennai,Tamil Nadu,2026-03-22,Premium,Product 45,Fashion,Evergreen,1845.0,2453.85,18612,1861.2,16750.8,5535.0,11215.8,66.96
20044,10044,2,4,6341,15,44,2026-04-27,Delivered,Mobile,Customer 44,customer44@example.com,Bengaluru,Karnataka,2026-04-25,Corporate,Product 2,Home,BluePeak,254.0,358.14,25364,3804.6,21559.4,1016.0,20543.4,95.29
20046,10046,16,1,6615,0,46,2026-06-10,Placed,Web,Customer 46,customer46@example.com,Mumbai,Maharashtra,2026-06-04,Premium,Product 16,Electronics,Aster,772.0,965.0,6615,0.0,6615.0,772.0,5843.0,88.33
20047,10047,23,2,552,5,47,2026-07-15,Paid,Mobile,Customer 47,customer47@example.com,Pune,Maharashtra,2026-07-07,Corporate,Product 23,Sports,Cobalt,1031.0,1536.19,1104,55.2,1048.8,2062.0,-1013.2,-96.61
20048,10048,30,3,689,10,48,2026-08-20,Shipped,Store,Customer 48,customer48@example.com,Kochi,Kerala,2026-08-10,Standard,Product 30,Fashion,Evergreen,1290.0,1818.9,2067,206.70000000000002,1860.3,3870.0,-2009.7,-108.03
20049,10049,37,4,826,15,49,2026-01-25,Delivered,Web,Customer 49,customer49@example.com,Chennai,Tamil Nadu,2026-01-13,Premium,Product 37,Home,BluePeak,1549.0,2060.17,3304,495.59999999999997,2808.4,6196.0,-3387.6,-120.62
20051,10051,1,1,1100,0,51,2026-03-08,Placed,Store,Customer 51,customer51@example.com,Hyderabad,Telangana,2026-03-19,Standard,Product 1,Electronics,Aster,217.0,288.61,1100,0.0,1100.0,217.0,883.0,80.27
20052,10052,8,2,1237,5,52,2026-04-13,Paid,Web,Customer 52,customer52@example.com,Mumbai,Maharashtra,2026-04-22,Premium,Product 8,Sports,Cobalt,476.0,595.0,2474,123.7,2350.3,952.0,1398.3000000000002,59.49
20053,10053,15,3,1374,10,53,2026-05-18,Shipped,Mobile,Customer 53,customer53@example.com,Pune,Maharashtra,2026-05-25,Corporate,Product 15,Fashion,Evergreen,735.0,1095.15,4122,412.20000000000005,3709.8,2205.0,1504.8000000000002,40.56
20054,10054,22,4,1511,15,54,2026-06-23,Delivered,Store,Customer 54,customer54@example.com,Kochi,Kerala,2026-06-01,Standard,Product 22,Home,BluePeak,994.0,1401.54,6044,906.6,5137.4,3976.0,1161.3999999999996,22.61
20056,10056,36,1,1785,0,56,2026-08-06,Placed,Mobile,Customer 56,customer56@example.com,Bengaluru,Karnataka,2026-08-07,Corporate,Product 36,Electronics,Aster,1512.0,1890.0,1785,0.0,1785.0,1512.0,273.0,15.29
20057,10057,43,2,1922,5,57,2026-01-11,Paid,Store,Customer 57,customer57@example.com,Hyderabad,Telangana,2026-01-10,Standard,Product 43,Sports,Cobalt,1771.0,2638.79,3844,192.20000000000002,3651.8,3542.0,109.80000000000018,3.01
20058,10058,50,3,2059,10,58,2026-02-16,Shipped,Web,Customer 58,customer58@example.com,Mumbai,Maharashtra,2026-02-13,Premium,Product 50,Fashion,Evergreen,2030.0,2862.3,6177,617.7,5559.3,6090.0,-530.6999999999998,-9.55
20059,10059,7,4,2196,15,59,2026-03-21,Delivered,Mobile,Customer 59,customer59@example.com,Pune,Maharashtra,2026-03-16,Corporate,Product 7,Home,BluePeak,439.0,654.11,8784,1317.6,7466.4,1756.0,5710.4,76.48
20061,10061,21,1,2470,0,61,2026-05-04,Placed,Web,Customer 61,customer61@example.com,Chennai,Tamil Nadu,2026-05-22,Premium,Product 21,Electronics,Aster,957.0,1272.81,2470,0.0,2470.0,957.0,1513.0,61.26
20062,10062,28,2,2607,5,62,2026-06-09,Paid,Mobile,Customer 62,customer62@example.com,Bengaluru,Karnataka,2026-06-25,Corporate,Product 28,Sports,Cobalt,1216.0,1520.0,5214,260.7,4953.3,2432.0,2521.3,50.9
20063,10063,35,3,2744,10,63,2026-07-14,Shipped,Store,Customer 63,customer63@example.com,Hyderabad,Telangana,2026-07-01,Standard,Product 35,Fashion,Evergreen,1475.0,2197.75,8232,823.2,7408.8,4425.0,2983.8,40.27
20064,10064,42,4,2881,15,64,2026-08-19,Delivered,Web,Customer 64,customer64@example.com,Mumbai,Maharashtra,2026-08-04,Premium,Product 42,Home,BluePeak,1734.0,2444.94,11524,1728.6,9795.4,6936.0,2859.3999999999996,29.19
20066,10066,6,1,3155,0,66,2026-02-02,Placed,Store,Customer 66,customer66@example.com,Kochi,Kerala,2026-02-10,Standard,Product 6,Electronics,Aster,402.0,566.82,3155,0.0,3155.0,402.0,2753.0,87.26
20067,10067,13,2,3292,5,67,2026-03-07,Paid,Web,Customer 67,customer67@example.com,Chennai,Tamil Nadu,2026-03-13,Premium,Product 13,Sports,Cobalt,661.0,879.13,6584,329.20000000000005,6254.8,1322.0,4932.8,78.86
20068,10068,20,3,3429,10,68,2026-04-12,Shipped,Mobile,Customer 68,customer68@example.com,Bengaluru,Karnataka,2026-04-16,Corporate,Product 20,Fashion,Evergreen,920.0,1150.0,10287,1028.7,9258.3,2760.0,6498.299999999999,70.19
20069,10069,27,4,3566,15,69,2026-05-17,Delivered,Store,Customer 69,customer69@example.com,Hyderabad,Telangana,2026-05-19,Standard,Product 27,Home,BluePeak,1179.0,1756.71,14264,2139.6,12124.4,4716.0,7408.4,61.1
20071,10071,41,1,3840,0,71,2026-07-27,Placed,Mobile,Customer 71,customer71@example.com,Pune,Maharashtra,2026-07-25,Corporate,Product 41,Electronics,Aster,1697.0,2257.01,3840,0.0,3840.0,1697.0,2143.0,55.81
20072,10072,48,2,3977,5,72,2026-08-05,Paid,Store,Customer 72,customer72@example.com,Kochi,Kerala,2026-08-01,Standard,Product 48,Sports,Cobalt,1956.0,2445.0,7954,397.70000000000005,7556.3,3912.0,3644.3,48.23
20073,10073,5,3,4114,10,73,2026-01-10,Shipped,Web,Customer 73,customer73@example.com,Chennai,Tamil Nadu,2026-01-04,Premium,Product 5,Fashion,Evergreen,365.0,485.45,12342,1234.2,11107.8,1095.0,10012.8,90.14
20074,10074,12,4,4251,15,74,2026-02-15,Delivered,Mobile,Customer 74,customer74@example.com,Bengaluru,Karnataka,2026-02-07,Corporate,Product 12,Home,BluePeak,624.0,780.0,17004,2550.6,14453.4,2496.0,11957.4,82.73
20076,10076,26,1,4525,0,76,2026-04-25,Placed,Web,Customer 76,customer76@example.com,Mumbai,Maharashtra,2026-04-13,Premium,Product 26,Electronics,Aster,1142.0,1610.22,4525,0.0,4525.0,1142.0,3383.0,74.76
20077,10077,33,2,4662,5,77,2026-05-03,Paid,Mobile,Customer 77,customer77@example.com,Pune,Maharashtra,2026-05-16,Corporate,Product 33,Sports,Cobalt,1401.0,1863.33,9324,466.20000000000005,8857.8,2802.0,6055.799999999999,68.37
20078,10078,40,3,4799,10,78,2026-06-08,Shipped,Store,Customer 78,customer78@example.com,Kochi,Kerala,2026-06-19,Standard,Product 40,Fashion,Evergreen,1660.0,2075.0,14397,1439.7,12957.3,4980.0,7977.299999999999,61.57
20079,10079,47,4,4936,15,79,2026-07-13,Delivered,Web,Customer 79,customer79@example.com,Chennai,Tamil Nadu,2026-07-22,Premium,Product 47,Home,BluePeak,1919.0,2859.31,19744,2961.6,16782.4,7676.0,9106.400000000001,54.26
20081,10081,11,1,5210,0,81,2026-01-23,Placed,Store,Customer 81,customer81@example.com,Hyderabad,Telangana,2026-01-01,Standard,Product 11,Electronics,Aster,587.0,874.63,5210,0.0,5210.0,587.0,4623.0,88.73
20082,10082,18,2,5347,5,82,2026-02-01,Paid,Web,Customer 82,customer82@example.com,Mumbai,Maharashtra,2026-02-04,Premium,Product 18,Sports,Cobalt,846.0,1192.86,10694,534.7,10159.3,1692.0,8467.3,83.35
20083,10083,25,3,5484,10,83,2026-03-06,Shipped,Mobile,Customer 83,customer83@example.com,Pune,Maharashtra,2026-03-07,Corporate,Product 25,Fashion,Evergreen,1105.0,1469.65,16452,1645.2,14806.8,3315.0,11491.8,77.61
20084,10084,32,4,5621,15,84,2026-04-11,Delivered,Store,Customer 84,customer84@example.com,Kochi,Kerala,2026-04-10,Standard,Product 32,Home,BluePeak,1364.0,1705.0,22484,3372.6,19111.4,5456.0,13655.400000000001,71.45
20086,10086,46,1,5895,0,86,2026-06-21,Placed,Mobile,Customer 86,customer86@example.com,Bengaluru,Karnataka,2026-06-16,Corporate,Product 46,Electronics,Aster,1882.0,2653.62,5895,0.0,5895.0,1882.0,4013.0,68.07
20087,10087,3,2,6032,5,87,2026-07-26,Paid,Store,Customer 87,customer87@example.com,Hyderabad,Telangana,2026-07-19,Standard,Product 3,Sports,Cobalt,291.0,433.59,12064,603.2,11460.8,582.0,10878.8,94.92
20088,10088,10,3,6169,10,88,2026-08-04,Shipped,Web,Customer 88,customer88@example.com,Mumbai,Maharashtra,2026-08-22,Premium,Product 10,Fashion,Evergreen,550.0,775.5,18507,1850.7,16656.3,1650.0,15006.3,90.09
20089,10089,17,4,6306,15,89,2026-01-09,Delivered,Mobile,Customer 89,customer89@example.com,Pune,Maharashtra,2026-01-25,Corporate,Product 17,Home,BluePeak,809.0,1075.97,25224,3783.6,21440.4,3236.0,18204.4,84.91
20091,10091,31,1,6580,0,91,2026-03-19,Placed,Web,Customer 91,customer91@example.com,Chennai,Tamil Nadu,2026-03-04,Premium,Product 31,Electronics,Aster,1327.0,1977.23,6580,0.0,6580.0,1327.0,5253.0,79.83
20092,10092,38,2,517,5,92,2026-04-24,Paid,Mobile,Customer 92,customer92@example.com,Bengaluru,Karnataka,2026-04-07,Corporate,Product 38,Sports,Cobalt,1586.0,2236.26,1034,51.7,982.3,3172.0,-2189.7,-222.92
20093,10093,45,3,654,10,93,2026-05-02,Shipped,Store,Customer 93,customer93@example.com,Hyderabad,Telangana,2026-05-10,Standard,Product 45,Fashion,Evergreen,1845.0,2453.85,1962,196.20000000000002,1765.8,5535.0,-3769.2,-213.46
20094,10094,2,4,791,15,94,2026-06-07,Delivered,Web,Customer 94,customer94@example.com,Mumbai,Maharashtra,2026-06-13,Premium,Product 2,Home,BluePeak,254.0,358.14,3164,474.59999999999997,2689.4,1016.0,1673.4,62.22
20096,10096,16,1,1065,0,96,2026-08-17,Placed,Store,Customer 96,customer96@example.com,Kochi,Kerala,2026-08-19,Standard,Product 16,Electronics,Aster,772.0,965.0,1065,0.0,1065.0,772.0,293.0,27.51
20097,10097,23,2,1202,5,97,2026-01-22,Paid,Web,Customer 97,customer97@example.com,Chennai,Tamil Nadu,2026-01-22,Premium,Product 23,Sports,Cobalt,1031.0,1536.19,2404,120.2,2283.8,2062.0,221.80000000000018,9.71
20098,10098,30,3,1339,10,98,2026-02-27,Shipped,Mobile,Customer 98,customer98@example.com,Bengaluru,Karnataka,2026-02-25,Corporate,Product 30,Fashion,Evergreen,1290.0,1818.9,4017,401.70000000000005,3615.3,3870.0,-254.69999999999982,-7.05
20099,10099,37,4,1476,15,99,2026-03-05,Delivered,Store,Customer 99,customer99@example.com,Hyderabad,Telangana,2026-03-01,Standard,Product 37,Home,BluePeak,1549.0,2060.17,5904,885.6,5018.4,6196.0,-1177.6000000000004,-23.47
20101,10101,1,1,1750,0,1,2026-05-15,Placed,Mobile,Customer 1,customer1@example.com,Chennai,Tamil Nadu,2026-01-04,Premium,Product 1,Electronics,Aster,217.0,288.61,1750,0.0,1750.0,217.0,1533.0,87.6
20102,10102,8,2,1887,5,2,2026-06-20,Paid,Store,Customer 2,customer2@example.com,Bengaluru,Karnataka,2026-02-07,Corporate,Product 8,Sports,Cobalt,476.0,595.0,3774,188.70000000000002,3585.3,952.0,2633.3,73.45
20103,10103,15,3,2024,10,3,2026-07-25,Shipped,Web,Customer 3,customer3@example.com,Hyderabad,Telangana,2026-03-10,Standard,Product 15,Fashion,Evergreen,735.0,1095.15,6072,607.2,5464.8,2205.0,3259.8,59.65
20104,10104,22,4,2161,15,4,2026-08-03,Delivered,Mobile,Customer 4,customer4@example.com,Mumbai,Maharashtra,2026-04-13,Premium,Product 22,Home,BluePeak,994.0,1401.54,8644,1296.6,7347.4,3976.0,3371.3999999999996,45.89
20106,10106,36,1,2435,0,6,2026-02-13,Placed,Web,Customer 6,customer6@example.com,Kochi,Kerala,2026-06-19,Standard,Product 36,Electronics,Aster,1512.0,1890.0,2435,0.0,2435.0,1512.0,923.0,37.91
20107,10107,43,2,2572,5,7,2026-03-18,Paid,Mobile,Customer 7,customer7@example.com,Chennai,Tamil Nadu,2026-07-22,Premium,Product 43,Sports,Cobalt,1771.0,2638.79,5144,257.2,4886.8,3542.0,1344.8000000000002,27.52
20108,10108,50,3,2709,10,8,2026-04-23,Shipped,Store,Customer 8,customer8@example.com,Bengaluru,Karnataka,2026-08-25,Corporate,Product 50,Fashion,Evergreen,2030.0,2862.3,8127,812.7,7314.3,6090.0,1224.3000000000002,16.74
20109,10109,7,4,2846,15,9,2026-05-01,Delivered,Web,Customer 9,customer9@example.com,Hyderabad,Telangana,2026-01-01,Standard,Product 7,Home,BluePeak,439.0,654.11,11384,1707.6,9676.4,1756.0,7920.4,81.85
20111,10111,21,1,3120,0,11,2026-07-11,Placed,Store,Customer 11,customer11@example.com,Pune,Maharashtra,2026-03-07,Corporate,Product 21,Electronics,Aster,957.0,1272.81,3120,0.0,3120.0,957.0,2163.0,69.33
20112,10112,28,2,3257,5,12,2026-08-16,Paid,Web,Customer 12,customer12@example.com,Kochi,Kerala,2026-04-10,Standard,Product 28,Sports,Cobalt,1216.0,1520.0,6514,325.70000000000005,6188.3,2432.0,3756.3,60.7
20113,10113,35,3,3394,10,13,2026-01-21,Shipped,Mobile,Customer 13,customer13@example.com,Chennai,Tamil Nadu,2026-05-13,Premium,Product 35,Fashion,Evergreen,1475.0,2197.75,10182,1018.2,9163.8,4425.0,4738.799999999999,51.71
20114,10114,42,4,3531,15,14,2026-02-26,Delivered,Store,Customer 14,customer14@example.com,Bengaluru,Karnataka,2026-06-16,Corporate,Product 42,Home,BluePeak,1734.0,2444.94,14124,2118.6,12005.4,6936.0,5069.4,42.23
20116,10116,6,1,3805,0,16,2026-04-09,Placed,Mobile,Customer 16,customer16@example.com,Mumbai,Maharashtra,2026-08-22,Premium,Product 6,Electronics,Aster,402.0,566.82,3805,0.0,3805.0,402.0,3403.0,89.43
20117,10117,13,2,3942,5,17,2026-05-14,Paid,Store,Customer 17,customer17@example.com,Pune,Maharashtra,2026-01-25,Corporate,Product 13,Sports,Cobalt,661.0,879.13,7884,394.20000000000005,7489.8,1322.0,6167.8,82.35
20118,10118,20,3,4079,10,18,2026-06-19,Shipped,Web,Customer 18,customer18@example.com,Kochi,Kerala,2026-02-01,Standard,Product 20,Fashion,Evergreen,920.0,1150.0,12237,1223.7,11013.3,2760.0,8253.3,74.94
20119,10119,27,4,4216,15,19,2026-07-24,Delivered,Mobile,Customer 19,customer19@example.com,Chennai,Tamil Nadu,2026-03-04,Premium,Product 27,Home,BluePeak,1179.0,1756.71,16864,2529.6,14334.4,4716.0,9618.4,67.1
20121,10121,41,1,4490,0,21,2026-01-07,Placed,Web,Customer 21,customer21@example.com,Hyderabad,Telangana,2026-05-10,Standard,Product 41,Electronics,Aster,1697.0,2257.01,4490,0.0,4490.0,1697.0,2793.0,62.2
20122,10122,48,2,4627,5,22,2026-02-12,Paid,Mobile,Customer 22,customer22@example.com,Mumbai,Maharashtra,2026-06-13,Premium,Product 48,Sports,Cobalt,1956.0,2445.0,9254,462.70000000000005,8791.3,3912.0,4879.299999999999,55.5
20123,10123,5,3,4764,10,23,2026-03-17,Shipped,Store,Customer 23,customer23@example.com,Pune,Maharashtra,2026-07-16,Corporate,Product 5,Fashion,Evergreen,365.0,485.45,14292,1429.2,12862.8,1095.0,11767.8,91.49
20124,10124,12,4,4901,15,24,2026-04-22,Delivered,Web,Customer 24,customer24@example.com,Kochi,Kerala,2026-08-19,Standard,Product 12,Home,BluePeak,624.0,780.0,19604,2940.6,16663.4,2496.0,14167.400000000001,85.02
20126,10126,26,1,5175,0,26,2026-06-05,Placed,Store,Customer 26,customer26@example.com,Bengaluru,Karnataka,2026-02-25,Corporate,Product 26,Electronics,Aster,1142.0,1610.22,5175,0.0,5175.0,1142.0,4033.0,77.93
20127,10127,33,2,5312,5,27,2026-07-10,Paid,Web,Customer 27,customer27@example.com,Hyderabad,Telangana,2026-03-01,Standard,Product 33,Sports,Cobalt,1401.0,1863.33,10624,531.2,10092.8,2802.0,7290.799999999999,72.24
20128,10128,40,3,5449,10,28,2026-08-15,Shipped,Mobile,Customer 28,customer28@example.com,Mumbai,Maharashtra,2026-04-04,Premium,Product 40,Fashion,Evergreen,1660.0,2075.0,16347,1634.7,14712.3,4980.0,9732.3,66.15
20129,10129,47,4,5586,15,29,2026-01-20,Delivered,Store,Customer 29,customer29@example.com,Pune,Maharashtra,2026-05-07,Corporate,Product 47,Home,BluePeak,1919.0,2859.31,22344,3351.6,18992.4,7676.0,11316.400000000001,59.58
20131,10131,11,1,5860,0,31,2026-03-03,Placed,Mobile,Customer 31,customer31@example.com,Chennai,Tamil Nadu,2026-07-13,Premium,Product 11,Electronics,Aster,587.0,874.63,5860,0.0,5860.0,587.0,5273.0,89.98
20132,10132,18,2,5997,5,32,2026-04-08,Paid,Store,Customer 32,customer32@example.com,Bengaluru,Karnataka,2026-08-16,Corporate,Product 18,Sports,Cobalt,846.0,1192.86,11994,599.7,11394.3,1692.0,9702.3,85.15
20133,10133,25,3,6134,10,33,2026-05-13,Shipped,Web,Customer 33,customer33@example.com,Hyderabad,Telangana,2026-01-19,Standard,Product 25,Fashion,Evergreen,1105.0,1469.65,18402,1840.2,16561.8,3315.0,13246.8,79.98
20134,10134,32,4,6271,15,34,2026-06-18,Delivered,Mobile,Customer 34,customer34@example.com,Mumbai,Maharashtra,2026-02-22,Premium,Product 32,Home,BluePeak,1364.0,1705.0,25084,3762.6,21321.4,5456.0,15865.400000000001,74.41
20136,10136,46,1,6545,0,36,2026-08-01,Placed,Web,Customer 36,customer36@example.com,Kochi,Kerala,2026-04-01,Standard,Product 46,Electronics,Aster,1882.0,2653.62,6545,0.0,6545.0,1882.0,4663.0,71.25
20137,10137,3,2,482,5,37,2026-01-06,Paid,Mobile,Customer 37,customer37@example.com,Chennai,Tamil Nadu,2026-05-04,Premium,Product 3,Sports,Cobalt,291.0,433.59,964,48.2,915.8,582.0,333.79999999999995,36.45
20138,10138,10,3,619,10,38,2026-02-11,Shipped,Store,Customer 38,customer38@example.com,Bengaluru,Karnataka,2026-06-07,Corporate,Product 10,Fashion,Evergreen,550.0,775.5,1857,185.70000000000002,1671.3,1650.0,21.299999999999955,1.27
20139,10139,17,4,756,15,39,2026-03-16,Delivered,Web,Customer 39,customer39@example.com,Hyderabad,Telangana,2026-07-10,Standard,Product 17,Home,BluePeak,809.0,1075.97,3024,453.59999999999997,2570.4,3236.0,-665.5999999999999,-25.89
20141,10141,31,1,1030,0,41,2026-05-26,Placed,Store,Customer 41,customer41@example.com,Pune,Maharashtra,2026-01-16,Corporate,Product 31,Electronics,Aster,1327.0,1977.23,1030,0.0,1030.0,1327.0,-297.0,-28.83
20142,10142,38,2,1167,5,42,2026-06-04,Paid,Web,Customer 42,customer42@example.com,Kochi,Kerala,2026-02-19,Standard,Product 38,Sports,Cobalt,1586.0,2236.26,2334,116.7,2217.3,3172.0,-954.6999999999998,-43.06
20143,10143,45,3,1304,10,43,2026-07-09,Shipped,Mobile,Customer 43,customer43@example.com,Chennai,Tamil Nadu,2026-03-22,Premium,Product 45,Fashion,Evergreen,1845.0,2453.85,3912,391.20000000000005,3520.8,5535.0,-2014.1999999999998,-57.21
20144,10144,2,4,1441,15,44,2026-08-14,Delivered,Store,Customer 44,customer44@example.com,Bengaluru,Karnataka,2026-04-25,Corporate,Product 2,Home,BluePeak,254.0,358.14,5764,864.6,4899.4,1016.0,3883.3999999999996,79.26
20146,10146,16,1,1715,0,46,2026-02-24,Placed,Mobile,Customer 46,customer46@example.com,Mumbai,Maharashtra,2026-06-04,Premium,Product 16,Electronics,Aster,772.0,965.0,1715,0.0,1715.0,772.0,943.0,54.99
20147,10147,23,2,1852,5,47,2026-03-02,Paid,Store,Customer 47,customer47@example.com,Pune,Maharashtra,2026-07-07,Corporate,Product 23,Sports,Cobalt,1031.0,1536.19,3704,185.20000000000002,3518.8,2062.0,1456.8000000000002,41.4
20148,10148,30,3,1989,10,48,2026-04-07,Shipped,Web,Customer 48,customer48@example.com,Kochi,Kerala,2026-08-10,Standard,Product 30,Fashion,Evergreen,1290.0,1818.9,5967,596.7,5370.3,3870.0,1500.3000000000002,27.94
20149,10149,37,4,2126,15,49,2026-05-12,Delivered,Mobile,Customer 49,customer49@example.com,Chennai,Tamil Nadu,2026-01-13,Premium,Product 37,Home,BluePeak,1549.0,2060.17,8504,1275.6,7228.4,6196.0,1032.3999999999996,14.28
20151,10151,1,1,2400,0,51,2026-07-22,Placed,Web,Customer 51,customer51@example.com,Hyderabad,Telangana,2026-03-19,Standard,Product 1,Electronics,Aster,217.0,288.61,2400,0.0,2400.0,217.0,2183.0,90.96
20152,10152,8,2,2537,5,52,2026-08-27,Paid,Mobile,Customer 52,customer52@example.com,Mumbai,Maharashtra,2026-04-22,Premium,Product 8,Sports,Cobalt,476.0,595.0,5074,253.70000000000002,4820.3,952.0,3868.3,80.25
20153,10153,15,3,2674,10,53,2026-01-05,Shipped,Store,Customer 53,customer53@example.com,Pune,Maharashtra,2026-05-25,Corporate,Product 15,Fashion,Evergreen,735.0,1095.15,8022,802.2,7219.8,2205.0,5014.8,69.46
20154,10154,22,4,2811,15,54,2026-02-10,Delivered,Web,Customer 54,customer54@example.com,Kochi,Kerala,2026-06-01,Standard,Product 22,Home,BluePeak,994.0,1401.54,11244,1686.6,9557.4,3976.0,5581.4,58.4
20156,10156,36,1,3085,0,56,2026-04-20,Placed,Store,Customer 56,customer56@example.com,Bengaluru,Karnataka,2026-08-07,Corporate,Product 36,Electronics,Aster,1512.0,1890.0,3085,0.0,3085.0,1512.0,1573.0,50.99
20157,10157,43,2,3222,5,57,2026-05-25,Paid,Web,Customer 57,customer57@example.com,Hyderabad,Telangana,2026-01-10,Standard,Product 43,Sports,Cobalt,1771.0,2638.79,6444,322.20000000000005,6121.8,3542.0,2579.8,42.14
20158,10158,50,3,3359,10,58,2026-06-03,Shipped,Mobile,Customer 58,customer58@example.com,Mumbai,Maharashtra,2026-02-13,Premium,Product 50,Fashion,Evergreen,2030.0,2862.3,10077,1007.7,9069.3,6090.0,2979.2999999999993,32.85
20159,10159,7,4,3496,15,59,2026-07-08,Delivered,Store,Customer 59,customer59@example.com,Pune,Maharashtra,2026-03-16,Corporate,Product 7,Home,BluePeak,439.0,654.11,13984,2097.6,11886.4,1756.0,10130.4,85.23
20161,10161,21,1,3770,0,61,2026-01-18,Placed,Mobile,Customer 61,customer61@example.com,Chennai,Tamil Nadu,2026-05-22,Premium,Product 21,Electronics,Aster,957.0,1272.81,3770,0.0,3770.0,957.0,2813.0,74.62
20162,10162,28,2,3907,5,62,2026-02-23,Paid,Store,Customer 62,customer62@example.com,Bengaluru,Karnataka,2026-06-25,Corporate,Product 28,Sports,Cobalt,1216.0,1520.0,7814,390.70000000000005,7423.3,2432.0,4991.3,67.24
20163,10163,35,3,4044,10,63,2026-03-01,Shipped,Web,Customer 63,customer63@example.com,Hyderabad,Telangana,2026-07-01,Standard,Product 35,Fashion,Evergreen,1475.0,2197.75,12132,1213.2,10918.8,4425.0,6493.799999999999,59.47
20164,10164,42,4,4181,15,64,2026-04-06,Delivered,Mobile,Customer 64,customer64@example.com,Mumbai,Maharashtra,2026-08-04,Premium,Product 42,Home,BluePeak,1734.0,2444.94,16724,2508.6,14215.4,6936.0,7279.4,51.21
20166,10166,6,1,4455,0,66,2026-06-16,Placed,Web,Customer 66,customer66@example.com,Kochi,Kerala,2026-02-10,Standard,Product 6,Electronics,Aster,402.0,566.82,4455,0.0,4455.0,402.0,4053.0,90.98
20167,10167,13,2,4592,5,67,2026-07-21,Paid,Mobile,Customer 67,customer67@example.com,Chennai,Tamil Nadu,2026-03-13,Premium,Product 13,Sports,Cobalt,661.0,879.13,9184,459.20000000000005,8724.8,1322.0,7402.799999999999,84.85
20168,10168,20,3,4729,10,68,2026-08-26,Shipped,Store,Customer 68,customer68@example.com,Bengaluru,Karnataka,2026-04-16,Corporate,Product 20,Fashion,Evergreen,920.0,1150.0,14187,1418.7,12768.3,2760.0,10008.3,78.38
20169,10169,27,4,4866,15,69,2026-01-04,Delivered,Web,Customer 69,customer69@example.com,Hyderabad,Telangana,2026-05-19,Standard,Product 27,Home,BluePeak,1179.0,1756.71,19464,2919.6,16544.4,4716.0,11828.400000000001,71.49
20171,10171,41,1,5140,0,71,2026-03-14,Placed,Store,Customer 71,customer71@example.com,Pune,Maharashtra,2026-07-25,Corporate,Product 41,Electronics,Aster,1697.0,2257.01,5140,0.0,5140.0,1697.0,3443.0,66.98
20172,10172,48,2,5277,5,72,2026-04-19,Paid,Web,Customer 72,customer72@example.com,Kochi,Kerala,2026-08-01,Standard,Product 48,Sports,Cobalt,1956.0,2445.0,10554,527.7,10026.3,3912.0,6114.299999999999,60.98
20173,10173,5,3,5414,10,73,2026-05-24,Shipped,Mobile,Customer 73,customer73@example.com,Chennai,Tamil Nadu,2026-01-04,Premium,Product 5,Fashion,Evergreen,365.0,485.45,16242,1624.2,14617.8,1095.0,13522.8,92.51
20174,10174,12,4,5551,15,74,2026-06-02,Delivered,Store,Customer 74,customer74@example.com,Bengaluru,Karnataka,2026-02-07,Corporate,Product 12,Home,BluePeak,624.0,780.0,22204,3330.6,18873.4,2496.0,16377.400000000001,86.78
20176,10176,26,1,5825,0,76,2026-08-12,Placed,Mobile,Customer 76,customer76@example.com,Mumbai,Maharashtra,2026-04-13,Premium,Product 26,Electronics,Aster,1142.0,1610.22,5825,0.0,5825.0,1142.0,4683.0,80.39
20177,10177,33,2,5962,5,77,2026-01-17,Paid,Store,Customer 77,customer77@example.com,Pune,Maharashtra,2026-05-16,Corporate,Product 33,Sports,Cobalt,1401.0,1863.33,11924,596.2,11327.8,2802.0,8525.8,75.26
20178,10178,40,3,6099,10,78,2026-02-22,Shipped,Web,Customer 78,customer78@example.com,Kochi,Kerala,2026-06-19,Standard,Product 40,Fashion,Evergreen,1660.0,2075.0,18297,1829.7,16467.3,4980.0,11487.3,69.76
20179,10179,47,4,6236,15,79,2026-03-27,Delivered,Mobile,Customer 79,customer79@example.com,Chennai,Tamil Nadu,2026-07-22,Premium,Product 47,Home,BluePeak,1919.0,2859.31,24944,3741.6,21202.4,7676.0,13526.400000000001,63.8
20181,10181,11,1,6510,0,81,2026-05-10,Placed,Web,Customer 81,customer81@example.com,Hyderabad,Telangana,2026-01-01,Standard,Product 11,Electronics,Aster,587.0,874.63,6510,0.0,6510.0,587.0,5923.0,90.98
20182,10182,18,2,6647,5,82,2026-06-15,Paid,Mobile,Customer 82,customer82@example.com,Mumbai,Maharashtra,2026-02-04,Premium,Product 18,Sports,Cobalt,846.0,1192.86,13294,664.7,12629.3,1692.0,10937.3,86.6
20183,10183,25,3,584,10,83,2026-07-20,Shipped,Store,Customer 83,customer83@example.com,Pune,Maharashtra,2026-03-07,Corporate,Product 25,Fashion,Evergreen,1105.0,1469.65,1752,175.20000000000002,1576.8,3315.0,-1738.2,-110.24
20184,10184,32,4,721,15,84,2026-08-25,Delivered,Web,Customer 84,customer84@example.com,Kochi,Kerala,2026-04-10,Standard,Product 32,Home,BluePeak,1364.0,1705.0,2884,432.59999999999997,2451.4,5456.0,-3004.6,-122.57
20186,10186,46,1,995,0,86,2026-02-08,Placed,Store,Customer 86,customer86@example.com,Bengaluru,Karnataka,2026-06-16,Corporate,Product 46,Electronics,Aster,1882.0,2653.62,995,0.0,995.0,1882.0,-887.0,-89.15
20187,10187,3,2,1132,5,87,2026-03-13,Paid,Web,Customer 87,customer87@example.com,Hyderabad,Telangana,2026-07-19,Standard,Product 3,Sports,Cobalt,291.0,433.59,2264,113.2,2150.8,582.0,1568.8000000000002,72.94
20188,10188,10,3,1269,10,88,2026-04-18,Shipped,Mobile,Customer 88,customer88@example.com,Mumbai,Maharashtra,2026-08-22,Premium,Product 10,Fashion,Evergreen,550.0,775.5,3807,380.70000000000005,3426.3,1650.0,1776.3000000000002,51.84
20189,10189,17,4,1406,15,89,2026-05-23,Delivered,Store,Customer 89,customer89@example.com,Pune,Maharashtra,2026-01-25,Corporate,Product 17,Home,BluePeak,809.0,1075.97,5624,843.6,4780.4,3236.0,1544.3999999999996,32.31
20191,10191,31,1,1680,0,91,2026-07-06,Placed,Mobile,Customer 91,customer91@example.com,Chennai,Tamil Nadu,2026-03-04,Premium,Product 31,Electronics,Aster,1327.0,1977.23,1680,0.0,1680.0,1327.0,353.0,21.01
20192,10192,38,2,1817,5,92,2026-08-11,Paid,Store,Customer 92,customer92@example.com,Bengaluru,Karnataka,2026-04-07,Corporate,Product 38,Sports,Cobalt,1586.0,2236.26,3634,181.70000000000002,3452.3,3172.0,280.3000000000002,8.12
20193,10193,45,3,1954,10,93,2026-01-16,Shipped,Web,Customer 93,customer93@example.com,Hyderabad,Telangana,2026-05-10,Standard,Product 45,Fashion,Evergreen,1845.0,2453.85,5862,586.2,5275.8,5535.0,-259.1999999999998,-4.91
20194,10194,2,4,2091,15,94,2026-02-21,Delivered,Mobile,Customer 94,customer94@example.com,Mumbai,Maharashtra,2026-06-13,Premium,Product 2,Home,BluePeak,254.0,358.14,8364,1254.6,7109.4,1016.0,6093.4,85.71
20196,10196,16,1,2365,0,96,2026-04-04,Placed,Web,Customer 96,customer96@example.com,Kochi,Kerala,2026-08-19,Standard,Product 16,Electronics,Aster,772.0,965.0,2365,0.0,2365.0,772.0,1593.0,67.36
20197,10197,23,2,2502,5,97,2026-05-09,Paid,Mobile,Customer 97,customer97@example.com,Chennai,Tamil Nadu,2026-01-22,Premium,Product 23,Sports,Cobalt,1031.0,1536.19,5004,250.20000000000002,4753.8,2062.0,2691.8,56.62
20198,10198,30,3,2639,10,98,2026-06-14,Shipped,Store,Customer 98,customer98@example.com,Bengaluru,Karnataka,2026-02-25,Corporate,Product 30,Fashion,Evergreen,1290.0,1818.9,7917,791.7,7125.3,3870.0,3255.3,45.69
20199,10199,37,4,2776,15,99,2026-07-19,Delivered,Web,Customer 99,customer99@example.com,Hyderabad,Telangana,2026-03-01,Standard,Product 37,Home,BluePeak,1549.0,2060.17,11104,1665.6,9438.4,6196.0,3242.3999999999996,34.35
20201,10201,1,1,3050,0,1,2026-01-02,Placed,Store,Customer 1,customer1@example.com,Chennai,Tamil Nadu,2026-01-04,Premium,Product 1,Electronics,Aster,217.0,288.61,3050,0.0,3050.0,217.0,2833.0,92.89
20202,10202,8,2,3187,5,2,2026-02-07,Paid,Web,Customer 2,customer2@example.com,Bengaluru,Karnataka,2026-02-07,Corporate,Product 8,Sports,Cobalt,476.0,595.0,6374,318.70000000000005,6055.3,952.0,5103.3,84.28
20203,10203,15,3,3324,10,3,2026-03-12,Shipped,Mobile,Customer 3,customer3@example.com,Hyderabad,Telangana,2026-03-10,Standard,Product 15,Fashion,Evergreen,735.0,1095.15,9972,997.2,8974.8,2205.0,6769.799999999999,75.43
20204,10204,22,4,3461,15,4,2026-04-17,Delivered,Store,Customer 4,customer4@example.com,Mumbai,Maharashtra,2026-04-13,Premium,Product 22,Home,BluePeak,994.0,1401.54,13844,2076.6,11767.4,3976.0,7791.4,66.21
20206,10206,36,1,3735,0,6,2026-06-27,Placed,Mobile,Customer 6,customer6@example.com,Kochi,Kerala,2026-06-19,Standard,Product 36,Electronics,Aster,1512.0,1890.0,3735,0.0,3735.0,1512.0,2223.0,59.52
20207,10207,43,2,3872,5,7,2026-07-05,Paid,Store,Customer 7,customer7@example.com,Chennai,Tamil Nadu,2026-07-22,Premium,Product 43,Sports,Cobalt,1771.0,2638.79,7744,387.20000000000005,7356.8,3542.0,3814.8,51.85
20208,10208,50,3,4009,10,8,2026-08-10,Shipped,Web,Customer 8,customer8@example.com,Bengaluru,Karnataka,2026-08-25,Corporate,Product 50,Fashion,Evergreen,2030.0,2862.3,12027,1202.7,10824.3,6090.0,4734.299999999999,43.74
20209,10209,7,4,4146,15,9,2026-01-15,Delivered,Mobile,Customer 9,customer9@example.com,Hyderabad,Telangana,2026-01-01,Standard,Product 7,Home,BluePeak,439.0,654.11,16584,2487.6,14096.4,1756.0,12340.4,87.54
20211,10211,21,1,4420,0,11,2026-03-25,Placed,Web,Customer 11,customer11@example.com,Pune,Maharashtra,2026-03-07,Corporate,Product 21,Electronics,Aster,957.0,1272.81,4420,0.0,4420.0,957.0,3463.0,78.35
20212,10212,28,2,4557,5,12,2026-04-03,Paid,Mobile,Customer 12,customer12@example.com,Kochi,Kerala,2026-04-10,Standard,Product 28,Sports,Cobalt,1216.0,1520.0,9114,455.70000000000005,8658.3,2432.0,6226.299999999999,71.91
20213,10213,35,3,4694,10,13,2026-05-08,Shipped,Store,Customer 13,customer13@example.com,Chennai,Tamil Nadu,2026-05-13,Premium,Product 35,Fashion,Evergreen,1475.0,2197.75,14082,1408.2,12673.8,4425.0,8248.8,65.09
20214,10214,42,4,4831,15,14,2026-06-13,Delivered,Web,Customer 14,customer14@example.com,Bengaluru,Karnataka,2026-06-16,Corporate,Product 42,Home,BluePeak,1734.0,2444.94,19324,2898.6,16425.4,6936.0,9489.400000000001,57.77
20216,10216,6,1,5105,0,16,2026-08-23,Placed,Store,Customer 16,customer16@example.com,Mumbai,Maharashtra,2026-08-22,Premium,Product 6,Electronics,Aster,402.0,566.82,5105,0.0,5105.0,402.0,4703.0,92.13
20217,10217,13,2,5242,5,17,2026-01-01,Paid,Web,Customer 17,customer17@example.com,Pune,Maharashtra,2026-01-25,Corporate,Product 13,Sports,Cobalt,661.0,879.13,10484,524.2,9959.8,1322.0,8637.8,86.73
20218,10218,20,3,5379,10,18,2026-02-06,Shipped,Mobile,Customer 18,customer18@example.com,Kochi,Kerala,2026-02-01,Standard,Product 20,Fashion,Evergreen,920.0,1150.0,16137,1613.7,14523.3,2760.0,11763.3,81.0
20219,10219,27,4,5516,15,19,2026-03-11,Delivered,Store,Customer 19,customer19@example.com,Chennai,Tamil Nadu,2026-03-04,Premium,Product 27,Home,BluePeak,1179.0,1756.71,22064,3309.6,18754.4,4716.0,14038.400000000001,74.85
20221,10221,41,1,5790,0,21,2026-05-21,Placed,Mobile,Customer 21,customer21@example.com,Hyderabad,Telangana,2026-05-10,Standard,Product 41,Electronics,Aster,1697.0,2257.01,5790,0.0,5790.0,1697.0,4093.0,70.69
20222,10222,48,2,5927,5,22,2026-06-26,Paid,Store,Customer 22,customer22@example.com,Mumbai,Maharashtra,2026-06-13,Premium,Product 48,Sports,Cobalt,1956.0,2445.0,11854,592.7,11261.3,3912.0,7349.299999999999,65.26
20223,10223,5,3,6064,10,23,2026-07-04,Shipped,Web,Customer 23,customer23@example.com,Pune,Maharashtra,2026-07-16,Corporate,Product 5,Fashion,Evergreen,365.0,485.45,18192,1819.2,16372.8,1095.0,15277.8,93.31
20224,10224,12,4,6201,15,24,2026-08-09,Delivered,Mobile,Customer 24,customer24@example.com,Kochi,Kerala,2026-08-19,Standard,Product 12,Home,BluePeak,624.0,780.0,24804,3720.6,21083.4,2496.0,18587.4,88.16
20226,10226,26,1,6475,0,26,2026-02-19,Placed,Web,Customer 26,customer26@example.com,Bengaluru,Karnataka,2026-02-25,Corporate,Product 26,Electronics,Aster,1142.0,1610.22,6475,0.0,6475.0,1142.0,5333.0,82.36
20227,10227,33,2,6612,5,27,2026-03-24,Paid,Mobile,Customer 27,customer27@example.com,Hyderabad,Telangana,2026-03-01,Standard,Product 33,Sports,Cobalt,1401.0,1863.33,13224,661.2,12562.8,2802.0,9760.8,77.7
20228,10228,40,3,549,10,28,2026-04-02,Shipped,Store,Customer 28,customer28@example.com,Mumbai,Maharashtra,2026-04-04,Premium,Product 40,Fashion,Evergreen,1660.0,2075.0,1647,164.70000000000002,1482.3,4980.0,-3497.7,-235.96
20229,10229,47,4,686,15,29,2026-05-07,Delivered,Web,Customer 29,customer29@example.com,Pune,Maharashtra,2026-05-07,Corporate,Product 47,Home,BluePeak,1919.0,2859.31,2744,411.59999999999997,2332.4,7676.0,-5343.6,-229.1
20231,10231,11,1,960,0,31,2026-07-17,Placed,Store,Customer 31,customer31@example.com,Chennai,Tamil Nadu,2026-07-13,Premium,Product 11,Electronics,Aster,587.0,874.63,960,0.0,960.0,587.0,373.0,38.85
20232,10232,18,2,1097,5,32,2026-08-22,Paid,Web,Customer 32,customer32@example.com,Bengaluru,Karnataka,2026-08-16,Corporate,Product 18,Sports,Cobalt,846.0,1192.86,2194,109.7,2084.3,1692.0,392.3000000000002,18.82
20233,10233,25,3,1234,10,33,2026-01-27,Shipped,Mobile,Customer 33,customer33@example.com,Hyderabad,Telangana,2026-01-19,Standard,Product 25,Fashion,Evergreen,1105.0,1469.65,3702,370.20000000000005,3331.8,3315.0,16.800000000000182,0.5
20234,10234,32,4,1371,15,34,2026-02-05,Delivered,Store,Customer 34,customer34@example.com,Mumbai,Maharashtra,2026-02-22,Premium,Product 32,Home,BluePeak,1364.0,1705.0,5484,822.6,4661.4,5456.0,-794.6000000000004,-17.05
20236,10236,46,1,1645,0,36,2026-04-15,Placed,Mobile,Customer 36,customer36@example.com,Kochi,Kerala,2026-04-01,Standard,Product 46,Electronics,Aster,1882.0,2653.62,1645,0.0,1645.0,1882.0,-237.0,-14.41
20237,10237,3,2,1782,5,37,2026-05-20,Paid,Store,Customer 37,customer37@example.com,Chennai,Tamil Nadu,2026-05-04,Premium,Product 3,Sports,Cobalt,291.0,433.59,3564,178.20000000000002,3385.8,582.0,2803.8,82.81
20238,10238,10,3,1919,10,38,2026-06-25,Shipped,Web,Customer 38,customer38@example.com,Bengaluru,Karnataka,2026-06-07,Corporate,Product 10,Fashion,Evergreen,550.0,775.5,5757,575.7,5181.3,1650.0,3531.3,68.15
20239,10239,17,4,2056,15,39,2026-07-03,Delivered,Mobile,Customer 39,customer39@example.com,Hyderabad,Telangana,2026-07-10,Standard,Product 17,Home,BluePeak,809.0,1075.97,8224,1233.6,6990.4,3236.0,3754.3999999999996,53.71
20241,10241,31,1,2330,0,41,2026-01-13,Placed,Web,Customer 41,customer41@example.com,Pune,Maharashtra,2026-01-16,Corporate,Product 31,Electronics,Aster,1327.0,1977.23,2330,0.0,2330.0,1327.0,1003.0,43.05
20242,10242,38,2,2467,5,42,2026-02-18,Paid,Mobile,Customer 42,customer42@example.com,Kochi,Kerala,2026-02-19,Standard,Product 38,Sports,Cobalt,1586.0,2236.26,4934,246.70000000000002,4687.3,3172.0,1515.3000000000002,32.33
20243,10243,45,3,2604,10,43,2026-03-23,Shipped,Store,Customer 43,customer43@example.com,Chennai,Tamil Nadu,2026-03-22,Premium,Product 45,Fashion,Evergreen,1845.0,2453.85,7812,781.2,7030.8,5535.0,1495.8000000000002,21.27
20244,10244,2,4,2741,15,44,2026-04-01,Delivered,Web,Customer 44,customer44@example.com,Bengaluru,Karnataka,2026-04-25,Corporate,Product 2,Home,BluePeak,254.0,358.14,10964,1644.6,9319.4,1016.0,8303.4,89.1
20246,10246,16,1,3015,0,46,2026-06-11,Placed,Store,Customer 46,customer46@example.com,Mumbai,Maharashtra,2026-06-04,Premium,Product 16,Electronics,Aster,772.0,965.0,3015,0.0,3015.0,772.0,2243.0,74.39
20247,10247,23,2,3152,5,47,2026-07-16,Paid,Web,Customer 47,customer47@example.com,Pune,Maharashtra,2026-07-07,Corporate,Product 23,Sports,Cobalt,1031.0,1536.19,6304,315.20000000000005,5988.8,2062.0,3926.8,65.57
20248,10248,30,3,3289,10,48,2026-08-21,Shipped,Mobile,Customer 48,customer48@example.com,Kochi,Kerala,2026-08-10,Standard,Product 30,Fashion,Evergreen,1290.0,1818.9,9867,986.7,8880.3,3870.0,5010.299999999999,56.42
20249,10249,37,4,3426,15,49,2026-01-26,Delivered,Store,Customer 49,customer49@example.com,Chennai,Tamil Nadu,2026-01-13,Premium,Product 37,Home,BluePeak,1549.0,2060.17,13704,2055.6,11648.4,6196.0,5452.4,46.81
20251,10251,1,1,3700,0,51,2026-03-09,Placed,Mobile,Customer 51,customer51@example.com,Hyderabad,Telangana,2026-03-19,Standard,Product 1,Electronics,Aster,217.0,288.61,3700,0.0,3700.0,217.0,3483.0,94.14
20252,10252,8,2,3837,5,52,2026-04-14,Paid,Store,Customer 52,customer52@example.com,Mumbai,Maharashtra,2026-04-22,Premium,Product 8,Sports,Cobalt,476.0,595.0,7674,383.70000000000005,7290.3,952.0,6338.3,86.94
20253,10253,15,3,3974,10,53,2026-05-19,Shipped,Web,Customer 53,customer53@example.com,Pune,Maharashtra,2026-05-25,Corporate,Product 15,Fashion,Evergreen,735.0,1095.15,11922,1192.2,10729.8,2205.0,8524.8,79.45
20254,10254,22,4,4111,15,54,2026-06-24,Delivered,Mobile,Customer 54,customer54@example.com,Kochi,Kerala,2026-06-01,Standard,Product 22,Home,BluePeak,994.0,1401.54,16444,2466.6,13977.4,3976.0,10001.4,71.55
20256,10256,36,1,4385,0,56,2026-08-07,Placed,Web,Customer 56,customer56@example.com,Bengaluru,Karnataka,2026-08-07,Corporate,Product 36,Electronics,Aster,1512.0,1890.0,4385,0.0,4385.0,1512.0,2873.0,65.52
20257,10257,43,2,4522,5,57,2026-01-12,Paid,Mobile,Customer 57,customer57@example.com,Hyderabad,Telangana,2026-01-10,Standard,Product 43,Sports,Cobalt,1771.0,2638.79,9044,452.20000000000005,8591.8,3542.0,5049.799999999999,58.77
20258,10258,50,3,4659,10,58,2026-02-17,Shipped,Store,Customer 58,customer58@example.com,Mumbai,Maharashtra,2026-02-13,Premium,Product 50,Fashion,Evergreen,2030.0,2862.3,13977,1397.7,12579.3,6090.0,6489.299999999999,51.59
20259,10259,7,4,4796,15,59,2026-03-22,Delivered,Web,Customer 59,customer59@example.com,Pune,Maharashtra,2026-03-16,Corporate,Product 7,Home,BluePeak,439.0,654.11,19184,2877.6,16306.4,1756.0,14550.4,89.23
20261,10261,21,1,5070,0,61,2026-05-05,Placed,Store,Customer 61,customer61@example.com,Chennai,Tamil Nadu,2026-05-22,Premium,Product 21,Electronics,Aster,957.0,1272.81,5070,0.0,5070.0,957.0,4113.0,81.12
20262,10262,28,2,5207,5,62,2026-06-10,Paid,Web,Customer 62,customer62@example.com,Bengaluru,Karnataka,2026-06-25,Corporate,Product 28,Sports,Cobalt,1216.0,1520.0,10414,520.7,9893.3,2432.0,7461.299999999999,75.42
20263,10263,35,3,5344,10,63,2026-07-15,Shipped,Mobile,Customer 63,customer63@example.com,Hyderabad,Telangana,2026-07-01,Standard,Product 35,Fashion,Evergreen,1475.0,2197.75,16032,1603.2,14428.8,4425.0,10003.8,69.33
20264,10264,42,4,5481,15,64,2026-08-20,Delivered,Store,Customer 64,customer64@example.com,Mumbai,Maharashtra,2026-08-04,Premium,Product 42,Home,BluePeak,1734.0,2444.94,21924,3288.6,18635.4,6936.0,11699.400000000001,62.78
20266,10266,6,1,5755,0,66,2026-02-03,Placed,Mobile,Customer 66,customer66@example.com,Kochi,Kerala,2026-02-10,Standard,Product 6,Electronics,Aster,402.0,566.82,5755,0.0,5755.0,402.0,5353.0,93.01
20267,10267,13,2,5892,5,67,2026-03-08,Paid,Store,Customer 67,customer67@example.com,Chennai,Tamil Nadu,2026-03-13,Premium,Product 13,Sports,Cobalt,661.0,879.13,11784,589.2,11194.8,1322.0,9872.8,88.19
20268,10268,20,3,6029,10,68,2026-04-13,Shipped,Web,Customer 68,customer68@example.com,Bengaluru,Karnataka,2026-04-16,Corporate,Product 20,Fashion,Evergreen,920.0,1150.0,18087,1808.7,16278.3,2760.0,13518.3,83.04
20269,10269,27,4,6166,15,69,2026-05-18,Delivered,Mobile,Customer 69,customer69@example.com,Hyderabad,Telangana,2026-05-19,Standard,Product 27,Home,BluePeak,1179.0,1756.71,24664,3699.6,20964.4,4716.0,16248.400000000001,77.5
20271,10271,41,1,6440,0,71,2026-07-01,Placed,Web,Customer 71,customer71@example.com,Pune,Maharashtra,2026-07-25,Corporate,Product 41,Electronics,Aster,1697.0,2257.01,6440,0.0,6440.0,1697.0,4743.0,73.65
20272,10272,48,2,6577,5,72,2026-08-06,Paid,Mobile,Customer 72,customer72@example.com,Kochi,Kerala,2026-08-01,Standard,Product 48,Sports,Cobalt,1956.0,2445.0,13154,657.7,12496.3,3912.0,8584.3,68.69
20273,10273,5,3,514,10,73,2026-01-11,Shipped,Store,Customer 73,customer73@example.com,Chennai,Tamil Nadu,2026-01-04,Premium,Product 5,Fashion,Evergreen,365.0,485.45,1542,154.20000000000002,1387.8,1095.0,292.79999999999995,21.1
20274,10274,12,4,651,15,74,2026-02-16,Delivered,Web,Customer 74,customer74@example.com,Bengaluru,Karnataka,2026-02-07,Corporate,Product 12,Home,BluePeak,624.0,780.0,2604,390.59999999999997,2213.4,2496.0,-282.5999999999999,-12.77
20276,10276,26,1,925,0,76,2026-04-26,Placed,Store,Customer 76,customer76@example.com,Mumbai,Maharashtra,2026-04-13,Premium,Product 26,Electronics,Aster,1142.0,1610.22,925,0.0,925.0,1142.0,-217.0,-23.46
20277,10277,33,2,1062,5,77,2026-05-04,Paid,Web,Customer 77,customer77@example.com,Pune,Maharashtra,2026-05-16,Corporate,Product 33,Sports,Cobalt,1401.0,1863.33,2124,106.2,2017.8,2802.0,-784.2,-38.86
20278,10278,40,3,1199,10,78,2026-06-09,Shipped,Mobile,Customer 78,customer78@example.com,Kochi,Kerala,2026-06-19,Standard,Product 40,Fashion,Evergreen,1660.0,2075.0,3597,359.70000000000005,3237.3,4980.0,-1742.6999999999998,-53.83
20279,10279,47,4,1336,15,79,2026-07-14,Delivered,Store,Customer 79,customer79@example.com,Chennai,Tamil Nadu,2026-07-22,Premium,Product 47,Home,BluePeak,1919.0,2859.31,5344,801.6,4542.4,7676.0,-3133.6000000000004,-68.99
20281,10281,11,1,1610,0,81,2026-01-24,Placed,Mobile,Customer 81,customer81@example.com,Hyderabad,Telangana,2026-01-01,Standard,Product 11,Electronics,Aster,587.0,874.63,1610,0.0,1610.0,587.0,1023.0,63.54
20282,10282,18,2,1747,5,82,2026-02-02,Paid,Store,Customer 82,customer82@example.com,Mumbai,Maharashtra,2026-02-04,Premium,Product 18,Sports,Cobalt,846.0,1192.86,3494,174.70000000000002,3319.3,1692.0,1627.3000000000002,49.03
20283,10283,25,3,1884,10,83,2026-03-07,Shipped,Web,Customer 83,customer83@example.com,Pune,Maharashtra,2026-03-07,Corporate,Product 25,Fashion,Evergreen,1105.0,1469.65,5652,565.2,5086.8,3315.0,1771.8000000000002,34.83
20284,10284,32,4,2021,15,84,2026-04-12,Delivered,Mobile,Customer 84,customer84@example.com,Kochi,Kerala,2026-04-10,Standard,Product 32,Home,BluePeak,1364.0,1705.0,8084,1212.6,6871.4,5456.0,1415.3999999999996,20.6
20286,10286,46,1,2295,0,86,2026-06-22,Placed,Web,Customer 86,customer86@example.com,Bengaluru,Karnataka,2026-06-16,Corporate,Product 46,Electronics,Aster,1882.0,2653.62,2295,0.0,2295.0,1882.0,413.0,18.0
20287,10287,3,2,2432,5,87,2026-07-27,Paid,Mobile,Customer 87,customer87@example.com,Hyderabad,Telangana,2026-07-19,Standard,Product 3,Sports,Cobalt,291.0,433.59,4864,243.20000000000002,4620.8,582.0,4038.8,87.4
20288,10288,10,3,2569,10,88,2026-08-05,Shipped,Store,Customer 88,customer88@example.com,Mumbai,Maharashtra,2026-08-22,Premium,Product 10,Fashion,Evergreen,550.0,775.5,7707,770.7,6936.3,1650.0,5286.3,76.21
20289,10289,17,4,2706,15,89,2026-01-10,Delivered,Web,Customer 89,customer89@example.com,Pune,Maharashtra,2026-01-25,Corporate,Product 17,Home,BluePeak,809.0,1075.97,10824,1623.6,9200.4,3236.0,5964.4,64.83
20291,10291,31,1,2980,0,91,2026-03-20,Placed,Store,Customer 91,customer91@example.com,Chennai,Tamil Nadu,2026-03-04,Premium,Product 31,Electronics,Aster,1327.0,1977.23,2980,0.0,2980.0,1327.0,1653.0,55.47
20292,10292,38,2,3117,5,92,2026-04-25,Paid,Web,Customer 92,customer92@example.com,Bengaluru,Karnataka,2026-04-07,Corporate,Product 38,Sports,Cobalt,1586.0,2236.26,6234,311.70000000000005,5922.3,3172.0,2750.3,46.44
20293,10293,45,3,3254,10,93,2026-05-03,Shipped,Mobile,Customer 93,customer93@example.com,Hyderabad,Telangana,2026-05-10,Standard,Product 45,Fashion,Evergreen,1845.0,2453.85,9762,976.2,8785.8,5535.0,3250.7999999999993,37.0
20294,10294,2,4,3391,15,94,2026-06-08,Delivered,Store,Customer 94,customer94@example.com,Mumbai,Maharashtra,2026-06-13,Premium,Product 2,Home,BluePeak,254.0,358.14,13564,2034.6,11529.4,1016.0,10513.4,91.19
20296,10296,16,1,3665,0,96,2026-08-18,Placed,Mobile,Customer 96,customer96@example.com,Kochi,Kerala,2026-08-19,Standard,Product 16,Electronics,Aster,772.0,965.0,3665,0.0,3665.0,772.0,2893.0,78.94
20297,10297,23,2,3802,5,97,2026-01-23,Paid,Store,Customer 97,customer97@example.com,Chennai,Tamil Nadu,2026-01-22,Premium,Product 23,Sports,Cobalt,1031.0,1536.19,7604,380.20000000000005,7223.8,2062.0,5161.8,71.46
20298,10298,30,3,3939,10,98,2026-02-01,Shipped,Web,Customer 98,customer98@example.com,Bengaluru,Karnataka,2026-02-25,Corporate,Product 30,Fashion,Evergreen,1290.0,1818.9,11817,1181.7,10635.3,3870.0,6765.299999999999,63.61
20299,10299,37,4,4076,15,99,2026-03-06,Delivered,Mobile,Customer 99,customer99@example.com,Hyderabad,Telangana,2026-03-01,Standard,Product 37,Home,BluePeak,1549.0,2060.17,16304,2445.6,13858.4,6196.0,7662.4,55.29
20301,10301,1,1,4350,0,1,2026-05-16,Placed,Web,Customer 1,customer1@example.com,Chennai,Tamil Nadu,2026-01-04,Premium,Product 1,Electronics,Aster,217.0,288.61,4350,0.0,4350.0,217.0,4133.0,95.01
20302,10302,8,2,4487,5,2,2026-06-21,Paid,Mobile,Customer 2,customer2@example.com,Bengaluru,Karnataka,2026-02-07,Corporate,Product 8,Sports,Cobalt,476.0,595.0,8974,448.70000000000005,8525.3,952.0,7573.299999999999,88.83
20303,10303,15,3,4624,10,3,2026-07-26,Shipped,Store,Customer 3,customer3@example.com,Hyderabad,Telangana,2026-03-10,Standard,Product 15,Fashion,Evergreen,735.0,1095.15,13872,1387.2,12484.8,2205.0,10279.8,82.34
20304,10304,22,4,4761,15,4,2026-08-04,Delivered,Web,Customer 4,customer4@example.com,Mumbai,Maharashtra,2026-04-13,Premium,Product 22,Home,BluePeak,994.0,1401.54,19044,2856.6,16187.4,3976.0,12211.4,75.44
20306,10306,36,1,5035,0,6,2026-02-14,Placed,Store,Customer 6,customer6@example.com,Kochi,Kerala,2026-06-19,Standard,Product 36,Electronics,Aster,1512.0,1890.0,5035,0.0,5035.0,1512.0,3523.0,69.97
20307,10307,43,2,5172,5,7,2026-03-19,Paid,Web,Customer 7,customer7@example.com,Chennai,Tamil Nadu,2026-07-22,Premium,Product 43,Sports,Cobalt,1771.0,2638.79,10344,517.2,9826.8,3542.0,6284.799999999999,63.96
20308,10308,50,3,5309,10,8,2026-04-24,Shipped,Mobile,Customer 8,customer8@example.com,Bengaluru,Karnataka,2026-08-25,Corporate,Product 50,Fashion,Evergreen,2030.0,2862.3,15927,1592.7,14334.3,6090.0,8244.3,57.51
20309,10309,7,4,5446,15,9,2026-05-02,Delivered,Store,Customer 9,customer9@example.com,Hyderabad,Telangana,2026-01-01,Standard,Product 7,Home,BluePeak,439.0,654.11,21784,3267.6,18516.4,1756.0,16760.4,90.52
20311,10311,21,1,5720,0,11,2026-07-12,Placed,Mobile,Customer 11,customer11@example.com,Pune,Maharashtra,2026-03-07,Corporate,Product 21,Electronics,Aster,957.0,1272.81,5720,0.0,5720.0,957.0,4763.0,83.27
20312,10312,28,2,5857,5,12,2026-08-17,Paid,Store,Customer 12,customer12@example.com,Kochi,Kerala,2026-04-10,Standard,Product 28,Sports,Cobalt,1216.0,1520.0,11714,585.7,11128.3,2432.0,8696.3,78.15
20313,10313,35,3,5994,10,13,2026-01-22,Shipped,Web,Customer 13,customer13@example.com,Chennai,Tamil Nadu,2026-05-13,Premium,Product 35,Fashion,Evergreen,1475.0,2197.75,17982,1798.2,16183.8,4425.0,11758.8,72.66
20314,10314,42,4,6131,15,14,2026-02-27,Delivered,Mobile,Customer 14,customer14@example.com,Bengaluru,Karnataka,2026-06-16,Corporate,Product 42,Home,BluePeak,1734.0,2444.94,24524,3678.6,20845.4,6936.0,13909.400000000001,66.73
20316,10316,6,1,6405,0,16,2026-04-10,Placed,Web,Customer 16,customer16@example.com,Mumbai,Maharashtra,2026-08-22,Premium,Product 6,Electronics,Aster,402.0,566.82,6405,0.0,6405.0,402.0,6003.0,93.72
20317,10317,13,2,6542,5,17,2026-05-15,Paid,Mobile,Customer 17,customer17@example.com,Pune,Maharashtra,2026-01-25,Corporate,Product 13,Sports,Cobalt,661.0,879.13,13084,654.2,12429.8,1322.0,11107.8,89.36
20318,10318,20,3,479,10,18,2026-06-20,Shipped,Store,Customer 18,customer18@example.com,Kochi,Kerala,2026-02-01,Standard,Product 20,Fashion,Evergreen,920.0,1150.0,1437,143.70000000000002,1293.3,2760.0,-1466.7,-113.41
20319,10319,27,4,616,15,19,2026-07-25,Delivered,Web,Customer 19,customer19@example.com,Chennai,Tamil Nadu,2026-03-04,Premium,Product 27,Home,BluePeak,1179.0,1756.71,2464,369.59999999999997,2094.4,4716.0,-2621.6,-125.17
20321,10321,41,1,890,0,21,2026-01-08,Placed,Store,Customer 21,customer21@example.com,Hyderabad,Telangana,2026-05-10,Standard,Product 41,Electronics,Aster,1697.0,2257.01,890,0.0,890.0,1697.0,-807.0,-90.67
20322,10322,48,2,1027,5,22,2026-02-13,Paid,Web,Customer 22,customer22@example.com,Mumbai,Maharashtra,2026-06-13,Premium,Product 48,Sports,Cobalt,1956.0,2445.0,2054,102.7,1951.3,3912.0,-1960.7,-100.48
20323,10323,5,3,1164,10,23,2026-03-18,Shipped,Mobile,Customer 23,customer23@example.com,Pune,Maharashtra,2026-07-16,Corporate,Product 5,Fashion,Evergreen,365.0,485.45,3492,349.20000000000005,3142.8,1095.0,2047.8000000000002,65.16
20324,10324,12,4,1301,15,24,2026-04-23,Delivered,Store,Customer 24,customer24@example.com,Kochi,Kerala,2026-08-19,Standard,Product 12,Home,BluePeak,624.0,780.0,5204,780.6,4423.4,2496.0,1927.3999999999996,43.57
20326,10326,26,1,1575,0,26,2026-06-06,Placed,Mobile,Customer 26,customer26@example.com,Bengaluru,Karnataka,2026-02-25,Corporate,Product 26,Electronics,Aster,1142.0,1610.22,1575,0.0,1575.0,1142.0,433.0,27.49
20327,10327,33,2,1712,5,27,2026-07-11,Paid,Store,Customer 27,customer27@example.com,Hyderabad,Telangana,2026-03-01,Standard,Product 33,Sports,Cobalt,1401.0,1863.33,3424,171.20000000000002,3252.8,2802.0,450.8000000000002,13.86
20328,10328,40,3,1849,10,28,2026-08-16,Shipped,Web,Customer 28,customer28@example.com,Mumbai,Maharashtra,2026-04-04,Premium,Product 40,Fashion,Evergreen,1660.0,2075.0,5547,554.7,4992.3,4980.0,12.300000000000182,0.25
20329,10329,47,4,1986,15,29,2026-01-21,Delivered,Mobile,Customer 29,customer29@example.com,Pune,Maharashtra,2026-05-07,Corporate,Product 47,Home,BluePeak,1919.0,2859.31,7944,1191.6,6752.4,7676.0,-923.6000000000004,-13.68
20331,10331,11,1,2260,0,31,2026-03-04,Placed,Web,Customer 31,customer31@example.com,Chennai,Tamil Nadu,2026-07-13,Premium,Product 11,Electronics,Aster,587.0,874.63,2260,0.0,2260.0,587.0,1673.0,74.03
20332,10332,18,2,2397,5,32,2026-04-09,Paid,Mobile,Customer 32,customer32@example.com,Bengaluru,Karnataka,2026-08-16,Corporate,Product 18,Sports,Cobalt,846.0,1192.86,4794,239.70000000000002,4554.3,1692.0,2862.3,62.85
20333,10333,25,3,2534,10,33,2026-05-14,Shipped,Store,Customer 33,customer33@example.com,Hyderabad,Telangana,2026-01-19,Standard,Product 25,Fashion,Evergreen,1105.0,1469.65,7602,760.2,6841.8,3315.0,3526.8,51.55
20334,10334,32,4,2671,15,34,2026-06-19,Delivered,Web,Customer 34,customer34@example.com,Mumbai,Maharashtra,2026-02-22,Premium,Product 32,Home,BluePeak,1364.0,1705.0,10684,1602.6,9081.4,5456.0,3625.3999999999996,39.92
20336,10336,46,1,2945,0,36,2026-08-02,Placed,Store,Customer 36,customer36@example.com,Kochi,Kerala,2026-04-01,Standard,Product 46,Electronics,Aster,1882.0,2653.62,2945,0.0,2945.0,1882.0,1063.0,36.1
20337,10337,3,2,3082,5,37,2026-01-07,Paid,Web,Customer 37,customer37@example.com,Chennai,Tamil Nadu,2026-05-04,Premium,Product 3,Sports,Cobalt,291.0,433.59,6164,308.20000000000005,5855.8,582.0,5273.8,90.06
20338,10338,10,3,3219,10,38,2026-02-12,Shipped,Mobile,Customer 38,customer38@example.com,Bengaluru,Karnataka,2026-06-07,Corporate,Product 10,Fashion,Evergreen,550.0,775.5,9657,965.7,8691.3,1650.0,7041.299999999999,81.02
20339,10339,17,4,3356,15,39,2026-03-17,Delivered,Store,Customer 39,customer39@example.com,Hyderabad,Telangana,2026-07-10,Standard,Product 17,Home,BluePeak,809.0,1075.97,13424,2013.6,11410.4,3236.0,8174.4,71.64
20341,10341,31,1,3630,0,41,2026-05-27,Placed,Mobile,Customer 41,customer41@example.com,Pune,Maharashtra,2026-01-16,Corporate,Product 31,Electronics,Aster,1327.0,1977.23,3630,0.0,3630.0,1327.0,2303.0,63.44
20342,10342,38,2,3767,5,42,2026-06-05,Paid,Store,Customer 42,customer42@example.com,Kochi,Kerala,2026-02-19,Standard,Product 38,Sports,Cobalt,1586.0,2236.26,7534,376.70000000000005,7157.3,3172.0,3985.3,55.68
20343,10343,45,3,3904,10,43,2026-07-10,Shipped,Web,Customer 43,customer43@example.com,Chennai,Tamil Nadu,2026-03-22,Premium,Product 45,Fashion,Evergreen,1845.0,2453.85,11712,1171.2,10540.8,5535.0,5005.799999999999,47.49
20344,10344,2,4,4041,15,44,2026-08-15,Delivered,Mobile,Customer 44,customer44@example.com,Bengaluru,Karnataka,2026-04-25,Corporate,Product 2,Home,BluePeak,254.0,358.14,16164,2424.6,13739.4,1016.0,12723.4,92.61
20346,10346,16,1,4315,0,46,2026-02-25,Placed,Web,Customer 46,customer46@example.com,Mumbai,Maharashtra,2026-06-04,Premium,Product 16,Electronics,Aster,772.0,965.0,4315,0.0,4315.0,772.0,3543.0,82.11
20347,10347,23,2,4452,5,47,2026-03-03,Paid,Mobile,Customer 47,customer47@example.com,Pune,Maharashtra,2026-07-07,Corporate,Product 23,Sports,Cobalt,1031.0,1536.19,8904,445.20000000000005,8458.8,2062.0,6396.799999999999,75.62
20348,10348,30,3,4589,10,48,2026-04-08,Shipped,Store,Customer 48,customer48@example.com,Kochi,Kerala,2026-08-10,Standard,Product 30,Fashion,Evergreen,1290.0,1818.9,13767,1376.7,12390.3,3870.0,8520.3,68.77
20349,10349,37,4,4726,15,49,2026-05-13,Delivered,Web,Customer 49,customer49@example.com,Chennai,Tamil Nadu,2026-01-13,Premium,Product 37,Home,BluePeak,1549.0,2060.17,18904,2835.6,16068.4,6196.0,9872.4,61.44
20351,10351,1,1,5000,0,51,2026-07-23,Placed,Store,Customer 51,customer51@example.com,Hyderabad,Telangana,2026-03-19,Standard,Product 1,Electronics,Aster,217.0,288.61,5000,0.0,5000.0,217.0,4783.0,95.66
20352,10352,8,2,5137,5,52,2026-08-01,Paid,Web,Customer 52,customer52@example.com,Mumbai,Maharashtra,2026-04-22,Premium,Product 8,Sports,Cobalt,476.0,595.0,10274,513.7,9760.3,952.0,8808.3,90.25
20353,10353,15,3,5274,10,53,2026-01-06,Shipped,Mobile,Customer 53,customer53@example.com,Pune,Maharashtra,2026-05-25,Corporate,Product 15,Fashion,Evergreen,735.0,1095.15,15822,1582.2,14239.8,2205.0,12034.8,84.52
20354,10354,22,4,5411,15,54,2026-02-11,Delivered,Store,Customer 54,customer54@example.com,Kochi,Kerala,2026-06-01,Standard,Product 22,Home,BluePeak,994.0,1401.54,21644,3246.6,18397.4,3976.0,14421.400000000001,78.39
20356,10356,36,1,5685,0,56,2026-04-21,Placed,Mobile,Customer 56,customer56@example.com,Bengaluru,Karnataka,2026-08-07,Corporate,Product 36,Electronics,Aster,1512.0,1890.0,5685,0.0,5685.0,1512.0,4173.0,73.4
20357,10357,43,2,5822,5,57,2026-05-26,Paid,Store,Customer 57,customer57@example.com,Hyderabad,Telangana,2026-01-10,Standard,Product 43,Sports,Cobalt,1771.0,2638.79,11644,582.2,11061.8,3542.0,7519.799999999999,67.98
20358,10358,50,3,5959,10,58,2026-06-04,Shipped,Web,Customer 58,customer58@example.com,Mumbai,Maharashtra,2026-02-13,Premium,Product 50,Fashion,Evergreen,2030.0,2862.3,17877,1787.7,16089.3,6090.0,9999.3,62.15
20359,10359,7,4,6096,15,59,2026-07-09,Delivered,Mobile,Customer 59,customer59@example.com,Pune,Maharashtra,2026-03-16,Corporate,Product 7,Home,BluePeak,439.0,654.11,24384,3657.6,20726.4,1756.0,18970.4,91.53
20361,10361,21,1,6370,0,61,2026-01-19,Placed,Web,Customer 61,customer61@example.com,Chennai,Tamil Nadu,2026-05-22,Premium,Product 21,Electronics,Aster,957.0,1272.81,6370,0.0,6370.0,957.0,5413.0,84.98
20362,10362,28,2,6507,5,62,2026-02-24,Paid,Mobile,Customer 62,customer62@example.com,Bengaluru,Karnataka,2026-06-25,Corporate,Product 28,Sports,Cobalt,1216.0,1520.0,13014,650.7,12363.3,2432.0,9931.3,80.33
20363,10363,35,3,6644,10,63,2026-03-02,Shipped,Store,Customer 63,customer63@example.com,Hyderabad,Telangana,2026-07-01,Standard,Product 35,Fashion,Evergreen,1475.0,2197.75,19932,1993.2,17938.8,4425.0,13513.8,75.33
20364,10364,42,4,581,15,64,2026-04-07,Delivered,Web,Customer 64,customer64@example.com,Mumbai,Maharashtra,2026-08-04,Premium,Product 42,Home,BluePeak,1734.0,2444.94,2324,348.59999999999997,1975.4,6936.0,-4960.6,-251.12
20366,10366,6,1,855,0,66,2026-06-17,Placed,Store,Customer 66,customer66@example.com,Kochi,Kerala,2026-02-10,Standard,Product 6,Electronics,Aster,402.0,566.82,855,0.0,855.0,402.0,453.0,52.98
20367,10367,13,2,992,5,67,2026-07-22,Paid,Web,Customer 67,customer67@example.com,Chennai,Tamil Nadu,2026-03-13,Premium,Product 13,Sports,Cobalt,661.0,879.13,1984,99.2,1884.8,1322.0,562.8,29.86
20368,10368,20,3,1129,10,68,2026-08-27,Shipped,Mobile,Customer 68,customer68@example.com,Bengaluru,Karnataka,2026-04-16,Corporate,Product 20,Fashion,Evergreen,920.0,1150.0,3387,338.70000000000005,3048.3,2760.0,288.3000000000002,9.46
20369,10369,27,4,1266,15,69,2026-01-05,Delivered,Store,Customer 69,customer69@example.com,Hyderabad,Telangana,2026-05-19,Standard,Product 27,Home,BluePeak,1179.0,1756.71,5064,759.6,4304.4,4716.0,-411.60000000000036,-9.56
20371,10371,41,1,1540,0,71,2026-03-15,Placed,Mobile,Customer 71,customer71@example.com,Pune,Maharashtra,2026-07-25,Corporate,Product 41,Electronics,Aster,1697.0,2257.01,1540,0.0,1540.0,1697.0,-157.0,-10.19
20372,10372,48,2,1677,5,72,2026-04-20,Paid,Store,Customer 72,customer72@example.com,Kochi,Kerala,2026-08-01,Standard,Product 48,Sports,Cobalt,1956.0,2445.0,3354,167.70000000000002,3186.3,3912.0,-725.6999999999998,-22.78
20373,10373,5,3,1814,10,73,2026-05-25,Shipped,Web,Customer 73,customer73@example.com,Chennai,Tamil Nadu,2026-01-04,Premium,Product 5,Fashion,Evergreen,365.0,485.45,5442,544.2,4897.8,1095.0,3802.8,77.64
20374,10374,12,4,1951,15,74,2026-06-03,Delivered,Mobile,Customer 74,customer74@example.com,Bengaluru,Karnataka,2026-02-07,Corporate,Product 12,Home,BluePeak,624.0,780.0,7804,1170.6,6633.4,2496.0,4137.4,62.37
20376,10376,26,1,2225,0,76,2026-08-13,Placed,Web,Customer 76,customer76@example.com,Mumbai,Maharashtra,2026-04-13,Premium,Product 26,Electronics,Aster,1142.0,1610.22,2225,0.0,2225.0,1142.0,1083.0,48.67
20377,10377,33,2,2362,5,77,2026-01-18,Paid,Mobile,Customer 77,customer77@example.com,Pune,Maharashtra,2026-05-16,Corporate,Product 33,Sports,Cobalt,1401.0,1863.33,4724,236.20000000000002,4487.8,2802.0,1685.8000000000002,37.56
20378,10378,40,3,2499,10,78,2026-02-23,Shipped,Store,Customer 78,customer78@example.com,Kochi,Kerala,2026-06-19,Standard,Product 40,Fashion,Evergreen,1660.0,2075.0,7497,749.7,6747.3,4980.0,1767.3000000000002,26.19
20379,10379,47,4,2636,15,79,2026-03-01,Delivered,Web,Customer 79,customer79@example.com,Chennai,Tamil Nadu,2026-07-22,Premium,Product 47,Home,BluePeak,1919.0,2859.31,10544,1581.6,8962.4,7676.0,1286.3999999999996,14.35
20381,10381,11,1,2910,0,81,2026-05-11,Placed,Store,Customer 81,customer81@example.com,Hyderabad,Telangana,2026-01-01,Standard,Product 11,Electronics,Aster,587.0,874.63,2910,0.0,2910.0,587.0,2323.0,79.83
20382,10382,18,2,3047,5,82,2026-06-16,Paid,Web,Customer 82,customer82@example.com,Mumbai,Maharashtra,2026-02-04,Premium,Product 18,Sports,Cobalt,846.0,1192.86,6094,304.7,5789.3,1692.0,4097.3,70.77
20383,10383,25,3,3184,10,83,2026-07-21,Shipped,Mobile,Customer 83,customer83@example.com,Pune,Maharashtra,2026-03-07,Corporate,Product 25,Fashion,Evergreen,1105.0,1469.65,9552,955.2,8596.8,3315.0,5281.799999999999,61.44
20384,10384,32,4,3321,15,84,2026-08-26,Delivered,Store,Customer 84,customer84@example.com,Kochi,Kerala,2026-04-10,Standard,Product 32,Home,BluePeak,1364.0,1705.0,13284,1992.6,11291.4,5456.0,5835.4,51.68
20386,10386,46,1,3595,0,86,2026-02-09,Placed,Mobile,Customer 86,customer86@example.com,Bengaluru,Karnataka,2026-06-16,Corporate,Product 46,Electronics,Aster,1882.0,2653.62,3595,0.0,3595.0,1882.0,1713.0,47.65
20387,10387,3,2,3732,5,87,2026-03-14,Paid,Store,Customer 87,customer87@example.com,Hyderabad,Telangana,2026-07-19,Standard,Product 3,Sports,Cobalt,291.0,433.59,7464,373.20000000000005,7090.8,582.0,6508.8,91.79
20388,10388,10,3,3869,10,88,2026-04-19,Shipped,Web,Customer 88,customer88@example.com,Mumbai,Maharashtra,2026-08-22,Premium,Product 10,Fashion,Evergreen,550.0,775.5,11607,1160.7,10446.3,1650.0,8796.3,84.2
20389,10389,17,4,4006,15,89,2026-05-24,Delivered,Mobile,Customer 89,customer89@example.com,Pune,Maharashtra,2026-01-25,Corporate,Product 17,Home,BluePeak,809.0,1075.97,16024,2403.6,13620.4,3236.0,10384.4,76.24
20391,10391,31,1,4280,0,91,2026-07-07,Placed,Web,Customer 91,customer91@example.com,Chennai,Tamil Nadu,2026-03-04,Premium,Product 31,Electronics,Aster,1327.0,1977.23,4280,0.0,4280.0,1327.0,2953.0,69.0
20392,10392,38,2,4417,5,92,2026-08-12,Paid,Mobile,Customer 92,customer92@example.com,Bengaluru,Karnataka,2026-04-07,Corporate,Product 38,Sports,Cobalt,1586.0,2236.26,8834,441.70000000000005,8392.3,3172.0,5220.299999999999,62.2
20393,10393,45,3,4554,10,93,2026-01-17,Shipped,Store,Customer 93,customer93@example.com,Hyderabad,Telangana,2026-05-10,Standard,Product 45,Fashion,Evergreen,1845.0,2453.85,13662,1366.2,12295.8,5535.0,6760.799999999999,54.98
20394,10394,2,4,4691,15,94,2026-02-22,Delivered,Web,Customer 94,customer94@example.com,Mumbai,Maharashtra,2026-06-13,Premium,Product 2,Home,BluePeak,254.0,358.14,18764,2814.6,15949.4,1016.0,14933.4,93.63
20396,10396,16,1,4965,0,96,2026-04-05,Placed,Store,Customer 96,customer96@example.com,Kochi,Kerala,2026-08-19,Standard,Product 16,Electronics,Aster,772.0,965.0,4965,0.0,4965.0,772.0,4193.0,84.45
20397,10397,23,2,5102,5,97,2026-05-10,Paid,Web,Customer 97,customer97@example.com,Chennai,Tamil Nadu,2026-01-22,Premium,Product 23,Sports,Cobalt,1031.0,1536.19,10204,510.20000000000005,9693.8,2062.0,7631.799999999999,78.73
20398,10398,30,3,5239,10,98,2026-06-15,Shipped,Mobile,Customer 98,customer98@example.com,Bengaluru,Karnataka,2026-02-25,Corporate,Product 30,Fashion,Evergreen,1290.0,1818.9,15717,1571.7,14145.3,3870.0,10275.3,72.64
20399,10399,37,4,5376,15,99,2026-07-20,Delivered,Store,Customer 99,customer99@example.com,Hyderabad,Telangana,2026-03-01,Standard,Product 37,Home,BluePeak,1549.0,2060.17,21504,3225.6,18278.4,6196.0,12082.400000000001,66.1
20401,10401,1,1,5650,0,1,2026-01-03,Placed,Mobile,Customer 1,customer1@example.com,Chennai,Tamil Nadu,2026-01-04,Premium,Product 1,Electronics,Aster,217.0,288.61,5650,0.0,5650.0,217.0,5433.0,96.16
20402,10402,8,2,5787,5,2,2026-02-08,Paid,Store,Customer 2,customer2@example.com,Bengaluru,Karnataka,2026-02-07,Corporate,Product 8,Sports,Cobalt,476.0,595.0,11574,578.7,10995.3,952.0,10043.3,91.34
20403,10403,15,3,5924,10,3,2026-03-13,Shipped,Web,Customer 3,customer3@example.com,Hyderabad,Telangana,2026-03-10,Standard,Product 15,Fashion,Evergreen,735.0,1095.15,17772,1777.2,15994.8,2205.0,13789.8,86.21
20404,10404,22,4,6061,15,4,2026-04-18,Delivered,Mobile,Customer 4,customer4@example.com,Mumbai,Maharashtra,2026-04-13,Premium,Product 22,Home,BluePeak,994.0,1401.54,24244,3636.6,20607.4,3976.0,16631.4,80.71
20406,10406,36,1,6335,0,6,2026-06-01,Placed,Web,Customer 6,customer6@example.com,Kochi,Kerala,2026-06-19,Standard,Product 36,Electronics,Aster,1512.0,1890.0,6335,0.0,6335.0,1512.0,4823.0,76.13
20407,10407,43,2,6472,5,7,2026-07-06,Paid,Mobile,Customer 7,customer7@example.com,Chennai,Tamil Nadu,2026-07-22,Premium,Product 43,Sports,Cobalt,1771.0,2638.79,12944,647.2,12296.8,3542.0,8754.8,71.2
20408,10408,50,3,6609,10,8,2026-08-11,Shipped,Store,Customer 8,customer8@example.com,Bengaluru,Karnataka,2026-08-25,Corporate,Product 50,Fashion,Evergreen,2030.0,2862.3,19827,1982.7,17844.3,6090.0,11754.3,65.87
20409,10409,7,4,546,15,9,2026-01-16,Delivered,Web,Customer 9,customer9@example.com,Hyderabad,Telangana,2026-01-01,Standard,Product 7,Home,BluePeak,439.0,654.11,2184,327.59999999999997,1856.4,1756.0,100.40000000000009,5.41
20411,10411,21,1,820,0,11,2026-03-26,Placed,Store,Customer 11,customer11@example.com,Pune,Maharashtra,2026-03-07,Corporate,Product 21,Electronics,Aster,957.0,1272.81,820,0.0,820.0,957.0,-137.0,-16.71
20412,10412,28,2,957,5,12,2026-04-04,Paid,Web,Customer 12,customer12@example.com,Kochi,Kerala,2026-04-10,Standard,Product 28,Sports,Cobalt,1216.0,1520.0,1914,95.7,1818.3,2432.0,-613.7,-33.75
20413,10413,35,3,1094,10,13,2026-05-09,Shipped,Mobile,Customer 13,customer13@example.com,Chennai,Tamil Nadu,2026-05-13,Premium,Product 35,Fashion,Evergreen,1475.0,2197.75,3282,328.20000000000005,2953.8,4425.0,-1471.1999999999998,-49.81
20414,10414,42,4,1231,15,14,2026-06-14,Delivered,Store,Customer 14,customer14@example.com,Bengaluru,Karnataka,2026-06-16,Corporate,Product 42,Home,BluePeak,1734.0,2444.94,4924,738.6,4185.4,6936.0,-2750.6000000000004,-65.72
20416,10416,6,1,1505,0,16,2026-08-24,Placed,Mobile,Customer 16,customer16@example.com,Mumbai,Maharashtra,2026-08-22,Premium,Product 6,Electronics,Aster,402.0,566.82,1505,0.0,1505.0,402.0,1103.0,73.29
20417,10417,13,2,1642,5,17,2026-01-02,Paid,Store,Customer 17,customer17@example.com,Pune,Maharashtra,2026-01-25,Corporate,Product 13,Sports,Cobalt,661.0,879.13,3284,164.20000000000002,3119.8,1322.0,1797.8000000000002,57.63
20418,10418,20,3,1779,10,18,2026-02-07,Shipped,Web,Customer 18,customer18@example.com,Kochi,Kerala,2026-02-01,Standard,Product 20,Fashion,Evergreen,920.0,1150.0,5337,533.7,4803.3,2760.0,2043.3000000000002,42.54
20419,10419,27,4,1916,15,19,2026-03-12,Delivered,Mobile,Customer 19,customer19@example.com,Chennai,Tamil Nadu,2026-03-04,Premium,Product 27,Home,BluePeak,1179.0,1756.71,7664,1149.6,6514.4,4716.0,1798.3999999999996,27.61
20421,10421,41,1,2190,0,21,2026-05-22,Placed,Web,Customer 21,customer21@example.com,Hyderabad,Telangana,2026-05-10,Standard,Product 41,Electronics,Aster,1697.0,2257.01,2190,0.0,2190.0,1697.0,493.0,22.51
20422,10422,48,2,2327,5,22,2026-06-27,Paid,Mobile,Customer 22,customer22@example.com,Mumbai,Maharashtra,2026-06-13,Premium,Product 48,Sports,Cobalt,1956.0,2445.0,4654,232.70000000000002,4421.3,3912.0,509.3000000000002,11.52
20423,10423,5,3,2464,10,23,2026-07-05,Shipped,Store,Customer 23,customer23@example.com,Pune,Maharashtra,2026-07-16,Corporate,Product 5,Fashion,Evergreen,365.0,485.45,7392,739.2,6652.8,1095.0,5557.8,83.54
20424,10424,12,4,2601,15,24,2026-08-10,Delivered,Web,Customer 24,customer24@example.com,Kochi,Kerala,2026-08-19,Standard,Product 12,Home,BluePeak,624.0,780.0,10404,1560.6,8843.4,2496.0,6347.4,71.78
20426,10426,26,1,2875,0,26,2026-02-20,Placed,Store,Customer 26,customer26@example.com,Bengaluru,Karnataka,2026-02-25,Corporate,Product 26,Electronics,Aster,1142.0,1610.22,2875,0.0,2875.0,1142.0,1733.0,60.28
20427,10427,33,2,3012,5,27,2026-03-25,Paid,Web,Customer 27,customer27@example.com,Hyderabad,Telangana,2026-03-01,Standard,Product 33,Sports,Cobalt,1401.0,1863.33,6024,301.2,5722.8,2802.0,2920.8,51.04
20428,10428,40,3,3149,10,28,2026-04-03,Shipped,Mobile,Customer 28,customer28@example.com,Mumbai,Maharashtra,2026-04-04,Premium,Product 40,Fashion,Evergreen,1660.0,2075.0,9447,944.7,8502.3,4980.0,3522.2999999999993,41.43
20429,10429,47,4,3286,15,29,2026-05-08,Delivered,Store,Customer 29,customer29@example.com,Pune,Maharashtra,2026-05-07,Corporate,Product 47,Home,BluePeak,1919.0,2859.31,13144,1971.6,11172.4,7676.0,3496.3999999999996,31.29
20431,10431,11,1,3560,0,31,2026-07-18,Placed,Mobile,Customer 31,customer31@example.com,Chennai,Tamil Nadu,2026-07-13,Premium,Product 11,Electronics,Aster,587.0,874.63,3560,0.0,3560.0,587.0,2973.0,83.51
20432,10432,18,2,3697,5,32,2026-08-23,Paid,Store,Customer 32,customer32@example.com,Bengaluru,Karnataka,2026-08-16,Corporate,Product 18,Sports,Cobalt,846.0,1192.86,7394,369.70000000000005,7024.3,1692.0,5332.3,75.91
20433,10433,25,3,3834,10,33,2026-01-01,Shipped,Web,Customer 33,customer33@example.com,Hyderabad,Telangana,2026-01-19,Standard,Product 25,Fashion,Evergreen,1105.0,1469.65,11502,1150.2,10351.8,3315.0,7036.799999999999,67.98
20434,10434,32,4,3971,15,34,2026-02-06,Delivered,Mobile,Customer 34,customer34@example.com,Mumbai,Maharashtra,2026-02-22,Premium,Product 32,Home,BluePeak,1364.0,1705.0,15884,2382.6,13501.4,5456.0,8045.4,59.59
20436,10436,46,1,4245,0,36,2026-04-16,Placed,Web,Customer 36,customer36@example.com,Kochi,Kerala,2026-04-01,Standard,Product 46,Electronics,Aster,1882.0,2653.62,4245,0.0,4245.0,1882.0,2363.0,55.67
20437,10437,3,2,4382,5,37,2026-05-21,Paid,Mobile,Customer 37,customer37@example.com,Chennai,Tamil Nadu,2026-05-04,Premium,Product 3,Sports,Cobalt,291.0,433.59,8764,438.20000000000005,8325.8,582.0,7743.799999999999,93.01
20438,10438,10,3,4519,10,38,2026-06-26,Shipped,Store,Customer 38,customer38@example.com,Bengaluru,Karnataka,2026-06-07,Corporate,Product 10,Fashion,Evergreen,550.0,775.5,13557,1355.7,12201.3,1650.0,10551.3,86.48
20439,10439,17,4,4656,15,39,2026-07-04,Delivered,Web,Customer 39,customer39@example.com,Hyderabad,Telangana,2026-07-10,Standard,Product 17,Home,BluePeak,809.0,1075.97,18624,2793.6,15830.4,3236.0,12594.4,79.56
20441,10441,31,1,4930,0,41,2026-01-14,Placed,Store,Customer 41,customer41@example.com,Pune,Maharashtra,2026-01-16,Corporate,Product 31,Electronics,Aster,1327.0,1977.23,4930,0.0,4930.0,1327.0,3603.0,73.08
20442,10442,38,2,5067,5,42,2026-02-19,Paid,Web,Customer 42,customer42@example.com,Kochi,Kerala,2026-02-19,Standard,Product 38,Sports,Cobalt,1586.0,2236.26,10134,506.70000000000005,9627.3,3172.0,6455.299999999999,67.05
20443,10443,45,3,5204,10,43,2026-03-24,Shipped,Mobile,Customer 43,customer43@example.com,Chennai,Tamil Nadu,2026-03-22,Premium,Product 45,Fashion,Evergreen,1845.0,2453.85,15612,1561.2,14050.8,5535.0,8515.8,60.61
20444,10444,2,4,5341,15,44,2026-04-02,Delivered,Store,Customer 44,customer44@example.com,Bengaluru,Karnataka,2026-04-25,Corporate,Product 2,Home,BluePeak,254.0,358.14,21364,3204.6,18159.4,1016.0,17143.4,94.41
20446,10446,16,1,5615,0,46,2026-06-12,Placed,Mobile,Customer 46,customer46@example.com,Mumbai,Maharashtra,2026-06-04,Premium,Product 16,Electronics,Aster,772.0,965.0,5615,0.0,5615.0,772.0,4843.0,86.25
20447,10447,23,2,5752,5,47,2026-07-17,Paid,Store,Customer 47,customer47@example.com,Pune,Maharashtra,2026-07-07,Corporate,Product 23,Sports,Cobalt,1031.0,1536.19,11504,575.2,10928.8,2062.0,8866.8,81.13
20448,10448,30,3,5889,10,48,2026-08-22,Shipped,Web,Customer 48,customer48@example.com,Kochi,Kerala,2026-08-10,Standard,Product 30,Fashion,Evergreen,1290.0,1818.9,17667,1766.7,15900.3,3870.0,12030.3,75.66
20449,10449,37,4,6026,15,49,2026-01-27,Delivered,Mobile,Customer 49,customer49@example.com,Chennai,Tamil Nadu,2026-01-13,Premium,Product 37,Home,BluePeak,1549.0,2060.17,24104,3615.6,20488.4,6196.0,14292.400000000001,69.76
20451,10451,1,1,6300,0,51,2026-03-10,Placed,Web,Customer 51,customer51@example.com,Hyderabad,Telangana,2026-03-19,Standard,Product 1,Electronics,Aster,217.0,288.61,6300,0.0,6300.0,217.0,6083.0,96.56
20452,10452,8,2,6437,5,52,2026-04-15,Paid,Mobile,Customer 52,customer52@example.com,Mumbai,Maharashtra,2026-04-22,Premium,Product 8,Sports,Cobalt,476.0,595.0,12874,643.7,12230.3,952.0,11278.3,92.22
20453,10453,15,3,6574,10,53,2026-05-20,Shipped,Store,Customer 53,customer53@example.com,Pune,Maharashtra,2026-05-25,Corporate,Product 15,Fashion,Evergreen,735.0,1095.15,19722,1972.2,17749.8,2205.0,15544.8,87.58
20454,10454,22,4,511,15,54,2026-06-25,Delivered,Web,Customer 54,customer54@example.com,Kochi,Kerala,2026-06-01,Standard,Product 22,Home,BluePeak,994.0,1401.54,2044,306.59999999999997,1737.4,3976.0,-2238.6,-128.85
20456,10456,36,1,785,0,56,2026-08-08,Placed,Store,Customer 56,customer56@example.com,Bengaluru,Karnataka,2026-08-07,Corporate,Product 36,Electronics,Aster,1512.0,1890.0,785,0.0,785.0,1512.0,-727.0,-92.61
20457,10457,43,2,922,5,57,2026-01-13,Paid,Web,Customer 57,customer57@example.com,Hyderabad,Telangana,2026-01-10,Standard,Product 43,Sports,Cobalt,1771.0,2638.79,1844,92.2,1751.8,3542.0,-1790.2,-102.19
20458,10458,50,3,1059,10,58,2026-02-18,Shipped,Mobile,Customer 58,customer58@example.com,Mumbai,Maharashtra,2026-02-13,Premium,Product 50,Fashion,Evergreen,2030.0,2862.3,3177,317.70000000000005,2859.3,6090.0,-3230.7,-112.99
20459,10459,7,4,1196,15,59,2026-03-23,Delivered,Store,Customer 59,customer59@example.com,Pune,Maharashtra,2026-03-16,Corporate,Product 7,Home,BluePeak,439.0,654.11,4784,717.6,4066.4,1756.0,2310.4,56.82
20461,10461,21,1,1470,0,61,2026-05-06,Placed,Mobile,Customer 61,customer61@example.com,Chennai,Tamil Nadu,2026-05-22,Premium,Product 21,Electronics,Aster,957.0,1272.81,1470,0.0,1470.0,957.0,513.0,34.9
20462,10462,28,2,1607,5,62,2026-06-11,Paid,Store,Customer 62,customer62@example.com,Bengaluru,Karnataka,2026-06-25,Corporate,Product 28,Sports,Cobalt,1216.0,1520.0,3214,160.70000000000002,3053.3,2432.0,621.3000000000002,20.35
20463,10463,35,3,1744,10,63,2026-07-16,Shipped,Web,Customer 63,customer63@example.com,Hyderabad,Telangana,2026-07-01,Standard,Product 35,Fashion,Evergreen,1475.0,2197.75,5232,523.2,4708.8,4425.0,283.8000000000002,6.03
20464,10464,42,4,1881,15,64,2026-08-21,Delivered,Mobile,Customer 64,customer64@example.com,Mumbai,Maharashtra,2026-08-04,Premium,Product 42,Home,BluePeak,1734.0,2444.94,7524,1128.6,6395.4,6936.0,-540.6000000000004,-8.45
20466,10466,6,1,2155,0,66,2026-02-04,Placed,Web,Customer 66,customer66@example.com,Kochi,Kerala,2026-02-10,Standard,Product 6,Electronics,Aster,402.0,566.82,2155,0.0,2155.0,402.0,1753.0,81.35
20467,10467,13,2,2292,5,67,2026-03-09,Paid,Mobile,Customer 67,customer67@example.com,Chennai,Tamil Nadu,2026-03-13,Premium,Product 13,Sports,Cobalt,661.0,879.13,4584,229.20000000000002,4354.8,1322.0,3032.8,69.64
20468,10468,20,3,2429,10,68,2026-04-14,Shipped,Store,Customer 68,customer68@example.com,Bengaluru,Karnataka,2026-04-16,Corporate,Product 20,Fashion,Evergreen,920.0,1150.0,7287,728.7,6558.3,2760.0,3798.3,57.92
20469,10469,27,4,2566,15,69,2026-05-19,Delivered,Web,Customer 69,customer69@example.com,Hyderabad,Telangana,2026-05-19,Standard,Product 27,Home,BluePeak,1179.0,1756.71,10264,1539.6,8724.4,4716.0,4008.3999999999996,45.94
20471,10471,41,1,2840,0,71,2026-07-02,Placed,Store,Customer 71,customer71@example.com,Pune,Maharashtra,2026-07-25,Corporate,Product 41,Electronics,Aster,1697.0,2257.01,2840,0.0,2840.0,1697.0,1143.0,40.25
20472,10472,48,2,2977,5,72,2026-08-07,Paid,Web,Customer 72,customer72@example.com,Kochi,Kerala,2026-08-01,Standard,Product 48,Sports,Cobalt,1956.0,2445.0,5954,297.7,5656.3,3912.0,1744.3000000000002,30.84
20473,10473,5,3,3114,10,73,2026-01-12,Shipped,Mobile,Customer 73,customer73@example.com,Chennai,Tamil Nadu,2026-01-04,Premium,Product 5,Fashion,Evergreen,365.0,485.45,9342,934.2,8407.8,1095.0,7312.799999999999,86.98
20474,10474,12,4,3251,15,74,2026-02-17,Delivered,Store,Customer 74,customer74@example.com,Bengaluru,Karnataka,2026-02-07,Corporate,Product 12,Home,BluePeak,624.0,780.0,13004,1950.6,11053.4,2496.0,8557.4,77.42
20476,10476,26,1,3525,0,76,2026-04-27,Placed,Mobile,Customer 76,customer76@example.com,Mumbai,Maharashtra,2026-04-13,Premium,Product 26,Electronics,Aster,1142.0,1610.22,3525,0.0,3525.0,1142.0,2383.0,67.6
20477,10477,33,2,3662,5,77,2026-05-05,Paid,Store,Customer 77,customer77@example.com,Pune,Maharashtra,2026-05-16,Corporate,Product 33,Sports,Cobalt,1401.0,1863.33,7324,366.20000000000005,6957.8,2802.0,4155.8,59.73
20478,10478,40,3,3799,10,78,2026-06-10,Shipped,Web,Customer 78,customer78@example.com,Kochi,Kerala,2026-06-19,Standard,Product 40,Fashion,Evergreen,1660.0,2075.0,11397,1139.7,10257.3,4980.0,5277.299999999999,51.45
20479,10479,47,4,3936,15,79,2026-07-15,Delivered,Mobile,Customer 79,customer79@example.com,Chennai,Tamil Nadu,2026-07-22,Premium,Product 47,Home,BluePeak,1919.0,2859.31,15744,2361.6,13382.4,7676.0,5706.4,42.64
20481,10481,11,1,4210,0,81,2026-01-25,Placed,Web,Customer 81,customer81@example.com,Hyderabad,Telangana,2026-01-01,Standard,Product 11,Electronics,Aster,587.0,874.63,4210,0.0,4210.0,587.0,3623.0,86.06
20482,10482,18,2,4347,5,82,2026-02-03,Paid,Mobile,Customer 82,customer82@example.com,Mumbai,Maharashtra,2026-02-04,Premium,Product 18,Sports,Cobalt,846.0,1192.86,8694,434.70000000000005,8259.3,1692.0,6567.299999999999,79.51
20483,10483,25,3,4484,10,83,2026-03-08,Shipped,Store,Customer 83,customer83@example.com,Pune,Maharashtra,2026-03-07,Corporate,Product 25,Fashion,Evergreen,1105.0,1469.65,13452,1345.2,12106.8,3315.0,8791.8,72.62
20484,10484,32,4,4621,15,84,2026-04-13,Delivered,Web,Customer 84,customer84@example.com,Kochi,Kerala,2026-04-10,Standard,Product 32,Home,BluePeak,1364.0,1705.0,18484,2772.6,15711.4,5456.0,10255.4,65.27
20486,10486,46,1,4895,0,86,2026-06-23,Placed,Store,Customer 86,customer86@example.com,Bengaluru,Karnataka,2026-06-16,Corporate,Product 46,Electronics,Aster,1882.0,2653.62,4895,0.0,4895.0,1882.0,3013.0,61.55
20487,10487,3,2,5032,5,87,2026-07-01,Paid,Web,Customer 87,customer87@example.com,Hyderabad,Telangana,2026-07-19,Standard,Product 3,Sports,Cobalt,291.0,433.59,10064,503.20000000000005,9560.8,582.0,8978.8,93.91
20488,10488,10,3,5169,10,88,2026-08-06,Shipped,Mobile,Customer 88,customer88@example.com,Mumbai,Maharashtra,2026-08-22,Premium,Product 10,Fashion,Evergreen,550.0,775.5,15507,1550.7,13956.3,1650.0,12306.3,88.18
20489,10489,17,4,5306,15,89,2026-01-11,Delivered,Store,Customer 89,customer89@example.com,Pune,Maharashtra,2026-01-25,Corporate,Product 17,Home,BluePeak,809.0,1075.97,21224,3183.6,18040.4,3236.0,14804.400000000001,82.06
20491,10491,31,1,5580,0,91,2026-03-21,Placed,Mobile,Customer 91,customer91@example.com,Chennai,Tamil Nadu,2026-03-04,Premium,Product 31,Electronics,Aster,1327.0,1977.23,5580,0.0,5580.0,1327.0,4253.0,76.22
20492,10492,38,2,5717,5,92,2026-04-26,Paid,Store,Customer 92,customer92@example.com,Bengaluru,Karnataka,2026-04-07,Corporate,Product 38,Sports,Cobalt,1586.0,2236.26,11434,571.7,10862.3,3172.0,7690.299999999999,70.8
20493,10493,45,3,5854,10,93,2026-05-04,Shipped,Web,Customer 93,customer93@example.com,Hyderabad,Telangana,2026-05-10,Standard,Product 45,Fashion,Evergreen,1845.0,2453.85,17562,1756.2,15805.8,5535.0,10270.8,64.98
20494,10494,2,4,5991,15,94,2026-06-09,Delivered,Mobile,Customer 94,customer94@example.com,Mumbai,Maharashtra,2026-06-13,Premium,Product 2,Home,BluePeak,254.0,358.14,23964,3594.6,20369.4,1016.0,19353.4,95.01
20496,10496,16,1,6265,0,96,2026-08-19,Placed,Web,Customer 96,customer96@example.com,Kochi,Kerala,2026-08-19,Standard,Product 16,Electronics,Aster,772.0,965.0,6265,0.0,6265.0,772.0,5493.0,87.68
20497,10497,23,2,6402,5,97,2026-01-24,Paid,Mobile,Customer 97,customer97@example.com,Chennai,Tamil Nadu,2026-01-22,Premium,Product 23,Sports,Cobalt,1031.0,1536.19,12804,640.2,12163.8,2062.0,10101.8,83.05
20498,10498,30,3,6539,10,98,2026-02-02,Shipped,Store,Customer 98,customer98@example.com,Bengaluru,Karnataka,2026-02-25,Corporate,Product 30,Fashion,Evergreen,1290.0,1818.9,19617,1961.7,17655.3,3870.0,13785.3,78.08
20499,10499,37,4,476,15,99,2026-03-07,Delivered,Web,Customer 99,customer99@example.com,Hyderabad,Telangana,2026-03-01,Standard,Product 37,Home,BluePeak,1549.0,2060.17,1904,285.59999999999997,1618.4,6196.0,-4577.6,-282.85
20501,10001,1,1,750,0,1,2026-01-01,Placed,Web,Customer 1,customer1@example.com,Chennai,Tamil Nadu,2026-01-04,Premium,Product 1,Electronics,Aster,217.0,288.61,750,0.0,750.0,217.0,533.0,71.07
20502,10002,8,2,887,5,2,2026-02-06,Paid,Mobile,Customer 2,customer2@example.com,Bengaluru,Karnataka,2026-02-07,Corporate,Product 8,Sports,Cobalt,476.0,595.0,1774,88.7,1685.3,952.0,733.3,43.51
20503,10003,15,3,1024,10,3,2026-03-11,Shipped,Store,Customer 3,customer3@example.com,Hyderabad,Telangana,2026-03-10,Standard,Product 15,Fashion,Evergreen,735.0,1095.15,3072,307.20000000000005,2764.8,2205.0,559.8000000000002,20.25
20504,10004,22,4,1161,15,4,2026-04-16,Delivered,Web,Customer 4,customer4@example.com,Mumbai,Maharashtra,2026-04-13,Premium,Product 22,Home,BluePeak,994.0,1401.54,4644,696.6,3947.4,3976.0,-28.59999999999991,-0.72
20506,10006,36,1,1435,0,6,2026-06-26,Placed,Store,Customer 6,customer6@example.com,Kochi,Kerala,2026-06-19,Standard,Product 36,Electronics,Aster,1512.0,1890.0,1435,0.0,1435.0,1512.0,-77.0,-5.37
20507,10007,43,2,1572,5,7,2026-07-04,Paid,Web,Customer 7,customer7@example.com,Chennai,Tamil Nadu,2026-07-22,Premium,Product 43,Sports,Cobalt,1771.0,2638.79,3144,157.20000000000002,2986.8,3542.0,-555.1999999999998,-18.59
20508,10008,50,3,1709,10,8,2026-08-09,Shipped,Mobile,Customer 8,customer8@example.com,Bengaluru,Karnataka,2026-08-25,Corporate,Product 50,Fashion,Evergreen,2030.0,2862.3,5127,512.7,4614.3,6090.0,-1475.6999999999998,-31.98
20509,10009,7,4,1846,15,9,2026-01-14,Delivered,Store,Customer 9,customer9@example.com,Hyderabad,Telangana,2026-01-01,Standard,Product 7,Home,BluePeak,439.0,654.11,7384,1107.6,6276.4,1756.0,4520.4,72.02
20511,10011,21,1,2120,0,11,2026-03-24,Placed,Mobile,Customer 11,customer11@example.com,Pune,Maharashtra,2026-03-07,Corporate,Product 21,Electronics,Aster,957.0,1272.81,2120,0.0,2120.0,957.0,1163.0,54.86
20512,10012,28,2,2257,5,12,2026-04-02,Paid,Store,Customer 12,customer12@example.com,Kochi,Kerala,2026-04-10,Standard,Product 28,Sports,Cobalt,1216.0,1520.0,4514,225.70000000000002,4288.3,2432.0,1856.3000000000002,43.29
20513,10013,35,3,2394,10,13,2026-05-07,Shipped,Web,Customer 13,customer13@example.com,Chennai,Tamil Nadu,2026-05-13,Premium,Product 35,Fashion,Evergreen,1475.0,2197.75,7182,718.2,6463.8,4425.0,2038.8000000000002,31.54
20514,10014,42,4,2531,15,14,2026-06-12,Delivered,Mobile,Customer 14,customer14@example.com,Bengaluru,Karnataka,2026-06-16,Corporate,Product 42,Home,BluePeak,1734.0,2444.94,10124,1518.6,8605.4,6936.0,1669.3999999999996,19.4
20516,10016,6,1,2805,0,16,2026-08-22,Placed,Web,Customer 16,customer16@example.com,Mumbai,Maharashtra,2026-08-22,Premium,Product 6,Electronics,Aster,402.0,566.82,2805,0.0,2805.0,402.0,2403.0,85.67
20517,10017,13,2,2942,5,17,2026-01-27,Paid,Mobile,Customer 17,customer17@example.com,Pune,Maharashtra,2026-01-25,Corporate,Product 13,Sports,Cobalt,661.0,879.13,5884,294.2,5589.8,1322.0,4267.8,76.35
20518,10018,20,3,3079,10,18,2026-02-05,Shipped,Store,Customer 18,customer18@example.com,Kochi,Kerala,2026-02-01,Standard,Product 20,Fashion,Evergreen,920.0,1150.0,9237,923.7,8313.3,2760.0,5553.299999999999,66.8
20519,10019,27,4,3216,15,19,2026-03-10,Delivered,Web,Customer 19,customer19@example.com,Chennai,Tamil Nadu,2026-03-04,Premium,Product 27,Home,BluePeak,1179.0,1756.71,12864,1929.6,10934.4,4716.0,6218.4,56.87
20521,10021,41,1,3490,0,21,2026-05-20,Placed,Store,Customer 21,customer21@example.com,Hyderabad,Telangana,2026-05-10,Standard,Product 41,Electronics,Aster,1697.0,2257.01,3490,0.0,3490.0,1697.0,1793.0,51.38
20522,10022,48,2,3627,5,22,2026-06-25,Paid,Web,Customer 22,customer22@example.com,Mumbai,Maharashtra,2026-06-13,Premium,Product 48,Sports,Cobalt,1956.0,2445.0,7254,362.70000000000005,6891.3,3912.0,2979.3,43.23
20523,10023,5,3,3764,10,23,2026-07-03,Shipped,Mobile,Customer 23,customer23@example.com,Pune,Maharashtra,2026-07-16,Corporate,Product 5,Fashion,Evergreen,365.0,485.45,11292,1129.2,10162.8,1095.0,9067.8,89.23
20524,10024,12,4,3901,15,24,2026-08-08,Delivered,Store,Customer 24,customer24@example.com,Kochi,Kerala,2026-08-19,Standard,Product 12,Home,BluePeak,624.0,780.0,15604,2340.6,13263.4,2496.0,10767.4,81.18
20526,10026,26,1,4175,0,26,2026-02-18,Placed,Mobile,Customer 26,customer26@example.com,Bengaluru,Karnataka,2026-02-25,Corporate,Product 26,Electronics,Aster,1142.0,1610.22,4175,0.0,4175.0,1142.0,3033.0,72.65
20527,10027,33,2,4312,5,27,2026-03-23,Paid,Store,Customer 27,customer27@example.com,Hyderabad,Telangana,2026-03-01,Standard,Product 33,Sports,Cobalt,1401.0,1863.33,8624,431.20000000000005,8192.8,2802.0,5390.799999999999,65.8
20528,10028,40,3,4449,10,28,2026-04-01,Shipped,Web,Customer 28,customer28@example.com,Mumbai,Maharashtra,2026-04-04,Premium,Product 40,Fashion,Evergreen,1660.0,2075.0,13347,1334.7,12012.3,4980.0,7032.299999999999,58.54
20529,10029,47,4,4586,15,29,2026-05-06,Delivered,Mobile,Customer 29,customer29@example.com,Pune,Maharashtra,2026-05-07,Corporate,Product 47,Home,BluePeak,1919.0,2859.31,18344,2751.6,15592.4,7676.0,7916.4,50.77
20531,10031,11,1,4860,0,31,2026-07-16,Placed,Web,Customer 31,customer31@example.com,Chennai,Tamil Nadu,2026-07-13,Premium,Product 11,Electronics,Aster,587.0,874.63,4860,0.0,4860.0,587.0,4273.0,87.92
20532,10032,18,2,4997,5,32,2026-08-21,Paid,Mobile,Customer 32,customer32@example.com,Bengaluru,Karnataka,2026-08-16,Corporate,Product 18,Sports,Cobalt,846.0,1192.86,9994,499.70000000000005,9494.3,1692.0,7802.299999999999,82.18
20533,10033,25,3,5134,10,33,2026-01-26,Shipped,Store,Customer 33,customer33@example.com,Hyderabad,Telangana,2026-01-19,Standard,Product 25,Fashion,Evergreen,1105.0,1469.65,15402,1540.2,13861.8,3315.0,10546.8,76.09
20534,10034,32,4,5271,15,34,2026-02-04,Delivered,Web,Customer 34,customer34@example.com,Mumbai,Maharashtra,2026-02-22,Premium,Product 32,Home,BluePeak,1364.0,1705.0,21084,3162.6,17921.4,5456.0,12465.400000000001,69.56
20536,10036,46,1,5545,0,36,2026-04-14,Placed,Store,Customer 36,customer36@example.com,Kochi,Kerala,2026-04-01,Standard,Product 46,Electronics,Aster,1882.0,2653.62,5545,0.0,5545.0,1882.0,3663.0,66.06
20537,10037,3,2,5682,5,37,2026-05-19,Paid,Web,Customer 37,customer37@example.com,Chennai,Tamil Nadu,2026-05-04,Premium,Product 3,Sports,Cobalt,291.0,433.59,11364,568.2,10795.8,582.0,10213.8,94.61
20538,10038,10,3,5819,10,38,2026-06-24,Shipped,Mobile,Customer 38,customer38@example.com,Bengaluru,Karnataka,2026-06-07,Corporate,Product 10,Fashion,Evergreen,550.0,775.5,17457,1745.7,15711.3,1650.0,14061.3,89.5
20539,10039,17,4,5956,15,39,2026-07-02,Delivered,Store,Customer 39,customer39@example.com,Hyderabad,Telangana,2026-07-10,Standard,Product 17,Home,BluePeak,809.0,1075.97,23824,3573.6,20250.4,3236.0,17014.4,84.02
20541,10041,31,1,6230,0,41,2026-01-12,Placed,Mobile,Customer 41,customer41@example.com,Pune,Maharashtra,2026-01-16,Corporate,Product 31,Electronics,Aster,1327.0,1977.23,6230,0.0,6230.0,1327.0,4903.0,78.7
20542,10042,38,2,6367,5,42,2026-02-17,Paid,Store,Customer 42,customer42@example.com,Kochi,Kerala,2026-02-19,Standard,Product 38,Sports,Cobalt,1586.0,2236.26,12734,636.7,12097.3,3172.0,8925.3,73.78
20543,10043,45,3,6504,10,43,2026-03-22,Shipped,Web,Customer 43,customer43@example.com,Chennai,Tamil Nadu,2026-03-22,Premium,Product 45,Fashion,Evergreen,1845.0,2453.85,19512,1951.2,17560.8,5535.0,12025.8,68.48
20544,10044,2,4,6641,15,44,2026-04-27,Delivered,Mobile,Customer 44,customer44@example.com,Bengaluru,Karnataka,2026-04-25,Corporate,Product 2,Home,BluePeak,254.0,358.14,26564,3984.6,22579.4,1016.0,21563.4,95.5
20546,10046,16,1,715,0,46,2026-06-10,Placed,Web,Customer 46,customer46@example.com,Mumbai,Maharashtra,2026-06-04,Premium,Product 16,Electronics,Aster,772.0,965.0,715,0.0,715.0,772.0,-57.0,-7.97
20547,10047,23,2,852,5,47,2026-07-15,Paid,Mobile,Customer 47,customer47@example.com,Pune,Maharashtra,2026-07-07,Corporate,Product 23,Sports,Cobalt,1031.0,1536.19,1704,85.2,1618.8,2062.0,-443.20000000000005,-27.38
20548,10048,30,3,989,10,48,2026-08-20,Shipped,Store,Customer 48,customer48@example.com,Kochi,Kerala,2026-08-10,Standard,Product 30,Fashion,Evergreen,1290.0,1818.9,2967,296.7,2670.3,3870.0,-1199.6999999999998,-44.93
20549,10049,37,4,1126,15,49,2026-01-25,Delivered,Web,Customer 49,customer49@example.com,Chennai,Tamil Nadu,2026-01-13,Premium,Product 37,Home,BluePeak,1549.0,2060.17,4504,675.6,3828.4,6196.0,-2367.6,-61.84
20551,10051,1,1,1400,0,51,2026-03-08,Placed,Store,Customer 51,customer51@example.com,Hyderabad,Telangana,2026-03-19,Standard,Product 1,Electronics,Aster,217.0,288.61,1400,0.0,1400.0,217.0,1183.0,84.5
20552,10052,8,2,1537,5,52,2026-04-13,Paid,Web,Customer 52,customer52@example.com,Mumbai,Maharashtra,2026-04-22,Premium,Product 8,Sports,Cobalt,476.0,595.0,3074,153.70000000000002,2920.3,952.0,1968.3000000000002,67.4
20553,10053,15,3,1674,10,53,2026-05-18,Shipped,Mobile,Customer 53,customer53@example.com,Pune,Maharashtra,2026-05-25,Corporate,Product 15,Fashion,Evergreen,735.0,1095.15,5022,502.20000000000005,4519.8,2205.0,2314.8,51.21
20554,10054,22,4,1811,15,54,2026-06-23,Delivered,Store,Customer 54,customer54@example.com,Kochi,Kerala,2026-06-01,Standard,Product 22,Home,BluePeak,994.0,1401.54,7244,1086.6,6157.4,3976.0,2181.3999999999996,35.43
20556,10056,36,1,2085,0,56,2026-08-06,Placed,Mobile,Customer 56,customer56@example.com,Bengaluru,Karnataka,2026-08-07,Corporate,Product 36,Electronics,Aster,1512.0,1890.0,2085,0.0,2085.0,1512.0,573.0,27.48
20557,10057,43,2,2222,5,57,2026-01-11,Paid,Store,Customer 57,customer57@example.com,Hyderabad,Telangana,2026-01-10,Standard,Product 43,Sports,Cobalt,1771.0,2638.79,4444,222.20000000000002,4221.8,3542.0,679.8000000000002,16.1
20558,10058,50,3,2359,10,58,2026-02-16,Shipped,Web,Customer 58,customer58@example.com,Mumbai,Maharashtra,2026-02-13,Premium,Product 50,Fashion,Evergreen,2030.0,2862.3,7077,707.7,6369.3,6090.0,279.3000000000002,4.39
20559,10059,7,4,2496,15,59,2026-03-21,Delivered,Mobile,Customer 59,customer59@example.com,Pune,Maharashtra,2026-03-16,Corporate,Product 7,Home,BluePeak,439.0,654.11,9984,1497.6,8486.4,1756.0,6730.4,79.31
20561,10061,21,1,2770,0,61,2026-05-04,Placed,Web,Customer 61,customer61@example.com,Chennai,Tamil Nadu,2026-05-22,Premium,Product 21,Electronics,Aster,957.0,1272.81,2770,0.0,2770.0,957.0,1813.0,65.45
20562,10062,28,2,2907,5,62,2026-06-09,Paid,Mobile,Customer 62,customer62@example.com,Bengaluru,Karnataka,2026-06-25,Corporate,Product 28,Sports,Cobalt,1216.0,1520.0,5814,290.7,5523.3,2432.0,3091.3,55.97
20563,10063,35,3,3044,10,63,2026-07-14,Shipped,Store,Customer 63,customer63@example.com,Hyderabad,Telangana,2026-07-01,Standard,Product 35,Fashion,Evergreen,1475.0,2197.75,9132,913.2,8218.8,4425.0,3793.7999999999993,46.16
20564,10064,42,4,3181,15,64,2026-08-19,Delivered,Web,Customer 64,customer64@example.com,Mumbai,Maharashtra,2026-08-04,Premium,Product 42,Home,BluePeak,1734.0,2444.94,12724,1908.6,10815.4,6936.0,3879.3999999999996,35.87
20566,10066,6,1,3455,0,66,2026-02-02,Placed,Store,Customer 66,customer66@example.com,Kochi,Kerala,2026-02-10,Standard,Product 6,Electronics,Aster,402.0,566.82,3455,0.0,3455.0,402.0,3053.0,88.36
20567,10067,13,2,3592,5,67,2026-03-07,Paid,Web,Customer 67,customer67@example.com,Chennai,Tamil Nadu,2026-03-13,Premium,Product 13,Sports,Cobalt,661.0,879.13,7184,359.20000000000005,6824.8,1322.0,5502.8,80.63
20568,10068,20,3,3729,10,68,2026-04-12,Shipped,Mobile,Customer 68,customer68@example.com,Bengaluru,Karnataka,2026-04-16,Corporate,Product 20,Fashion,Evergreen,920.0,1150.0,11187,1118.7,10068.3,2760.0,7308.299999999999,72.59
20569,10069,27,4,3866,15,69,2026-05-17,Delivered,Store,Customer 69,customer69@example.com,Hyderabad,Telangana,2026-05-19,Standard,Product 27,Home,BluePeak,1179.0,1756.71,15464,2319.6,13144.4,4716.0,8428.4,64.12
20571,10071,41,1,4140,0,71,2026-07-27,Placed,Mobile,Customer 71,customer71@example.com,Pune,Maharashtra,2026-07-25,Corporate,Product 41,Electronics,Aster,1697.0,2257.01,4140,0.0,4140.0,1697.0,2443.0,59.01
20572,10072,48,2,4277,5,72,2026-08-05,Paid,Store,Customer 72,customer72@example.com,Kochi,Kerala,2026-08-01,Standard,Product 48,Sports,Cobalt,1956.0,2445.0,8554,427.70000000000005,8126.3,3912.0,4214.3,51.86
20573,10073,5,3,4414,10,73,2026-01-10,Shipped,Web,Customer 73,customer73@example.com,Chennai,Tamil Nadu,2026-01-04,Premium,Product 5,Fashion,Evergreen,365.0,485.45,13242,1324.2,11917.8,1095.0,10822.8,90.81
20574,10074,12,4,4551,15,74,2026-02-15,Delivered,Mobile,Customer 74,customer74@example.com,Bengaluru,Karnataka,2026-02-07,Corporate,Product 12,Home,BluePeak,624.0,780.0,18204,2730.6,15473.4,2496.0,12977.4,83.87
20576,10076,26,1,4825,0,76,2026-04-25,Placed,Web,Customer 76,customer76@example.com,Mumbai,Maharashtra,2026-04-13,Premium,Product 26,Electronics,Aster,1142.0,1610.22,4825,0.0,4825.0,1142.0,3683.0,76.33
20577,10077,33,2,4962,5,77,2026-05-03,Paid,Mobile,Customer 77,customer77@example.com,Pune,Maharashtra,2026-05-16,Corporate,Product 33,Sports,Cobalt,1401.0,1863.33,9924,496.20000000000005,9427.8,2802.0,6625.799999999999,70.28
20578,10078,40,3,5099,10,78,2026-06-08,Shipped,Store,Customer 78,customer78@example.com,Kochi,Kerala,2026-06-19,Standard,Product 40,Fashion,Evergreen,1660.0,2075.0,15297,1529.7,13767.3,4980.0,8787.3,63.83
20579,10079,47,4,5236,15,79,2026-07-13,Delivered,Web,Customer 79,customer79@example.com,Chennai,Tamil Nadu,2026-07-22,Premium,Product 47,Home,BluePeak,1919.0,2859.31,20944,3141.6,17802.4,7676.0,10126.400000000001,56.88
20581,10081,11,1,5510,0,81,2026-01-23,Placed,Store,Customer 81,customer81@example.com,Hyderabad,Telangana,2026-01-01,Standard,Product 11,Electronics,Aster,587.0,874.63,5510,0.0,5510.0,587.0,4923.0,89.35
20582,10082,18,2,5647,5,82,2026-02-01,Paid,Web,Customer 82,customer82@example.com,Mumbai,Maharashtra,2026-02-04,Premium,Product 18,Sports,Cobalt,846.0,1192.86,11294,564.7,10729.3,1692.0,9037.3,84.23
20583,10083,25,3,5784,10,83,2026-03-06,Shipped,Mobile,Customer 83,customer83@example.com,Pune,Maharashtra,2026-03-07,Corporate,Product 25,Fashion,Evergreen,1105.0,1469.65,17352,1735.2,15616.8,3315.0,12301.8,78.77
20584,10084,32,4,5921,15,84,2026-04-11,Delivered,Store,Customer 84,customer84@example.com,Kochi,Kerala,2026-04-10,Standard,Product 32,Home,BluePeak,1364.0,1705.0,23684,3552.6,20131.4,5456.0,14675.400000000001,72.9
20586,10086,46,1,6195,0,86,2026-06-21,Placed,Mobile,Customer 86,customer86@example.com,Bengaluru,Karnataka,2026-06-16,Corporate,Product 46,Electronics,Aster,1882.0,2653.62,6195,0.0,6195.0,1882.0,4313.0,69.62
20587,10087,3,2,6332,5,87,2026-07-26,Paid,Store,Customer 87,customer87@example.com,Hyderabad,Telangana,2026-07-19,Standard,Product 3,Sports,Cobalt,291.0,433.59,12664,633.2,12030.8,582.0,11448.8,95.16
20588,10088,10,3,6469,10,88,2026-08-04,Shipped,Web,Customer 88,customer88@example.com,Mumbai,Maharashtra,2026-08-22,Premium,Product 10,Fashion,Evergreen,550.0,775.5,19407,1940.7,17466.3,1650.0,15816.3,90.55
20589,10089,17,4,6606,15,89,2026-01-09,Delivered,Mobile,Customer 89,customer89@example.com,Pune,Maharashtra,2026-01-25,Corporate,Product 17,Home,BluePeak,809.0,1075.97,26424,3963.6,22460.4,3236.0,19224.4,85.59
20591,10091,31,1,680,0,91,2026-03-19,Placed,Web,Customer 91,customer91@example.com,Chennai,Tamil Nadu,2026-03-04,Premium,Product 31,Electronics,Aster,1327.0,1977.23,680,0.0,680.0,1327.0,-647.0,-95.15
20592,10092,38,2,817,5,92,2026-04-24,Paid,Mobile,Customer 92,customer92@example.com,Bengaluru,Karnataka,2026-04-07,Corporate,Product 38,Sports,Cobalt,1586.0,2236.26,1634,81.7,1552.3,3172.0,-1619.7,-104.34
20593,10093,45,3,954,10,93,2026-05-02,Shipped,Store,Customer 93,customer93@example.com,Hyderabad,Telangana,2026-05-10,Standard,Product 45,Fashion,Evergreen,1845.0,2453.85,2862,286.2,2575.8,5535.0,-2959.2,-114.88
20594,10094,2,4,1091,15,94,2026-06-07,Delivered,Web,Customer 94,customer94@example.com,Mumbai,Maharashtra,2026-06-13,Premium,Product 2,Home,BluePeak,254.0,358.14,4364,654.6,3709.4,1016.0,2693.4,72.61
20596,10096,16,1,1365,0,96,2026-08-17,Placed,Store,Customer 96,customer96@example.com,Kochi,Kerala,2026-08-19,Standard,Product 16,Electronics,Aster,772.0,965.0,1365,0.0,1365.0,772.0,593.0,43.44
20597,10097,23,2,1502,5,97,2026-01-22,Paid,Web,Customer 97,customer97@example.com,Chennai,Tamil Nadu,2026-01-22,Premium,Product 23,Sports,Cobalt,1031.0,1536.19,3004,150.20000000000002,2853.8,2062.0,791.8000000000002,27.75
20598,10098,30,3,1639,10,98,2026-02-27,Shipped,Mobile,Customer 98,customer98@example.com,Bengaluru,Karnataka,2026-02-25,Corporate,Product 30,Fashion,Evergreen,1290.0,1818.9,4917,491.70000000000005,4425.3,3870.0,555.3000000000002,12.55
20599,10099,37,4,1776,15,99,2026-03-05,Delivered,Store,Customer 99,customer99@example.com,Hyderabad,Telangana,2026-03-01,Standard,Product 37,Home,BluePeak,1549.0,2060.17,7104,1065.6,6038.4,6196.0,-157.60000000000036,-2.61
20601,10101,1,1,2050,0,1,2026-05-15,Placed,Mobile,Customer 1,customer1@example.com,Chennai,Tamil Nadu,2026-01-04,Premium,Product 1,Electronics,Aster,217.0,288.61,2050,0.0,2050.0,217.0,1833.0,89.41
20602,10102,8,2,2187,5,2,2026-06-20,Paid,Store,Customer 2,customer2@example.com,Bengaluru,Karnataka,2026-02-07,Corporate,Product 8,Sports,Cobalt,476.0,595.0,4374,218.70000000000002,4155.3,952.0,3203.3,77.09
20603,10103,15,3,2324,10,3,2026-07-25,Shipped,Web,Customer 3,customer3@example.com,Hyderabad,Telangana,2026-03-10,Standard,Product 15,Fashion,Evergreen,735.0,1095.15,6972,697.2,6274.8,2205.0,4069.8,64.86
20604,10104,22,4,2461,15,4,2026-08-03,Delivered,Mobile,Customer 4,customer4@example.com,Mumbai,Maharashtra,2026-04-13,Premium,Product 22,Home,BluePeak,994.0,1401.54,9844,1476.6,8367.4,3976.0,4391.4,52.48
20606,10106,36,1,2735,0,6,2026-02-13,Placed,Web,Customer 6,customer6@example.com,Kochi,Kerala,2026-06-19,Standard,Product 36,Electronics,Aster,1512.0,1890.0,2735,0.0,2735.0,1512.0,1223.0,44.72
20607,10107,43,2,2872,5,7,2026-03-18,Paid,Mobile,Customer 7,customer7@example.com,Chennai,Tamil Nadu,2026-07-22,Premium,Product 43,Sports,Cobalt,1771.0,2638.79,5744,287.2,5456.8,3542.0,1914.8000000000002,35.09
20608,10108,50,3,3009,10,8,2026-04-23,Shipped,Store,Customer 8,customer8@example.com,Bengaluru,Karnataka,2026-08-25,Corporate,Product 50,Fashion,Evergreen,2030.0,2862.3,9027,902.7,8124.3,6090.0,2034.3000000000002,25.04
20609,10109,7,4,3146,15,9,2026-05-01,Delivered,Web,Customer 9,customer9@example.com,Hyderabad,Telangana,2026-01-01,Standard,Product 7,Home,BluePeak,439.0,654.11,12584,1887.6,10696.4,1756.0,8940.4,83.58
20611,10111,21,1,3420,0,11,2026-07-11,Placed,Store,Customer 11,customer11@example.com,Pune,Maharashtra,2026-03-07,Corporate,Product 21,Electronics,Aster,957.0,1272.81,3420,0.0,3420.0,957.0,2463.0,72.02
20612,10112,28,2,3557,5,12,2026-08-16,Paid,Web,Customer 12,customer12@example.com,Kochi,Kerala,2026-04-10,Standard,Product 28,Sports,Cobalt,1216.0,1520.0,7114,355.70000000000005,6758.3,2432.0,4326.3,64.01
20613,10113,35,3,3694,10,13,2026-01-21,Shipped,Mobile,Customer 13,customer13@example.com,Chennai,Tamil Nadu,2026-05-13,Premium,Product 35,Fashion,Evergreen,1475.0,2197.75,11082,1108.2,9973.8,4425.0,5548.799999999999,55.63
20614,10114,42,4,3831,15,14,2026-02-26,Delivered,Store,Customer 14,customer14@example.com,Bengaluru,Karnataka,2026-06-16,Corporate,Product 42,Home,BluePeak,1734.0,2444.94,15324,2298.6,13025.4,6936.0,6089.4,46.75
20616,10116,6,1,4105,0,16,2026-04-09,Placed,Mobile,Customer 16,customer16@example.com,Mumbai,Maharashtra,2026-08-22,Premium,Product 6,Electronics,Aster,402.0,566.82,4105,0.0,4105.0,402.0,3703.0,90.21
20617,10117,13,2,4242,5,17,2026-05-14,Paid,Store,Customer 17,customer17@example.com,Pune,Maharashtra,2026-01-25,Corporate,Product 13,Sports,Cobalt,661.0,879.13,8484,424.20000000000005,8059.8,1322.0,6737.8,83.6
20618,10118,20,3,4379,10,18,2026-06-19,Shipped,Web,Customer 18,customer18@example.com,Kochi,Kerala,2026-02-01,Standard,Product 20,Fashion,Evergreen,920.0,1150.0,13137,1313.7,11823.3,2760.0,9063.3,76.66
20619,10119,27,4,4516,15,19,2026-07-24,Delivered,Mobile,Customer 19,customer19@example.com,Chennai,Tamil Nadu,2026-03-04,Premium,Product 27,Home,BluePeak,1179.0,1756.71,18064,2709.6,15354.4,4716.0,10638.4,69.29
20621,10121,41,1,4790,0,21,2026-01-07,Placed,Web,Customer 21,customer21@example.com,Hyderabad,Telangana,2026-05-10,Standard,Product 41,Electronics,Aster,1697.0,2257.01,4790,0.0,4790.0,1697.0,3093.0,64.57
20622,10122,48,2,4927,5,22,2026-02-12,Paid,Mobile,Customer 22,customer22@example.com,Mumbai,Maharashtra,2026-06-13,Premium,Product 48,Sports,Cobalt,1956.0,2445.0,9854,492.70000000000005,9361.3,3912.0,5449.299999999999,58.21
20623,10123,5,3,5064,10,23,2026-03-17,Shipped,Store,Customer 23,customer23@example.com,Pune,Maharashtra,2026-07-16,Corporate,Product 5,Fashion,Evergreen,365.0,485.45,15192,1519.2,13672.8,1095.0,12577.8,91.99
20624,10124,12,4,5201,15,24,2026-04-22,Delivered,Web,Customer 24,customer24@example.com,Kochi,Kerala,2026-08-19,Standard,Product 12,Home,BluePeak,624.0,780.0,20804,3120.6,17683.4,2496.0,15187.400000000001,85.89
20626,10126,26,1,5475,0,26,2026-06-05,Placed,Store,Customer 26,customer26@example.com,Bengaluru,Karnataka,2026-02-25,Corporate,Product 26,Electronics,Aster,1142.0,1610.22,5475,0.0,5475.0,1142.0,4333.0,79.14
20627,10127,33,2,5612,5,27,2026-07-10,Paid,Web,Customer 27,customer27@example.com,Hyderabad,Telangana,2026-03-01,Standard,Product 33,Sports,Cobalt,1401.0,1863.33,11224,561.2,10662.8,2802.0,7860.799999999999,73.72
20628,10128,40,3,5749,10,28,2026-08-15,Shipped,Mobile,Customer 28,customer28@example.com,Mumbai,Maharashtra,2026-04-04,Premium,Product 40,Fashion,Evergreen,1660.0,2075.0,17247,1724.7,15522.3,4980.0,10542.3,67.92
20629,10129,47,4,5886,15,29,2026-01-20,Delivered,Store,Customer 29,customer29@example.com,Pune,Maharashtra,2026-05-07,Corporate,Product 47,Home,BluePeak,1919.0,2859.31,23544,3531.6,20012.4,7676.0,12336.400000000001,61.64
20631,10131,11,1,6160,0,31,2026-03-03,Placed,Mobile,Customer 31,customer31@example.com,Chennai,Tamil Nadu,2026-07-13,Premium,Product 11,Electronics,Aster,587.0,874.63,6160,0.0,6160.0,587.0,5573.0,90.47
20632,10132,18,2,6297,5,32,2026-04-08,Paid,Store,Customer 32,customer32@example.com,Bengaluru,Karnataka,2026-08-16,Corporate,Product 18,Sports,Cobalt,846.0,1192.86,12594,629.7,11964.3,1692.0,10272.3,85.86
20633,10133,25,3,6434,10,33,2026-05-13,Shipped,Web,Customer 33,customer33@example.com,Hyderabad,Telangana,2026-01-19,Standard,Product 25,Fashion,Evergreen,1105.0,1469.65,19302,1930.2,17371.8,3315.0,14056.8,80.92
20634,10134,32,4,6571,15,34,2026-06-18,Delivered,Mobile,Customer 34,customer34@example.com,Mumbai,Maharashtra,2026-02-22,Premium,Product 32,Home,BluePeak,1364.0,1705.0,26284,3942.6,22341.4,5456.0,16885.4,75.58
20636,10136,46,1,645,0,36,2026-08-01,Placed,Web,Customer 36,customer36@example.com,Kochi,Kerala,2026-04-01,Standard,Product 46,Electronics,Aster,1882.0,2653.62,645,0.0,645.0,1882.0,-1237.0,-191.78
20637,10137,3,2,782,5,37,2026-01-06,Paid,Mobile,Customer 37,customer37@example.com,Chennai,Tamil Nadu,2026-05-04,Premium,Product 3,Sports,Cobalt,291.0,433.59,1564,78.2,1485.8,582.0,903.8,60.83
20638,10138,10,3,919,10,38,2026-02-11,Shipped,Store,Customer 38,customer38@example.com,Bengaluru,Karnataka,2026-06-07,Corporate,Product 10,Fashion,Evergreen,550.0,775.5,2757,275.7,2481.3,1650.0,831.3000000000002,33.5
20639,10139,17,4,1056,15,39,2026-03-16,Delivered,Web,Customer 39,customer39@example.com,Hyderabad,Telangana,2026-07-10,Standard,Product 17,Home,BluePeak,809.0,1075.97,4224,633.6,3590.4,3236.0,354.4000000000001,9.87
20641,10141,31,1,1330,0,41,2026-05-26,Placed,Store,Customer 41,customer41@example.com,Pune,Maharashtra,2026-01-16,Corporate,Product 31,Electronics,Aster,1327.0,1977.23,1330,0.0,1330.0,1327.0,3.0,0.23
20642,10142,38,2,1467,5,42,2026-06-04,Paid,Web,Customer 42,customer42@example.com,Kochi,Kerala,2026-02-19,Standard,Product 38,Sports,Cobalt,1586.0,2236.26,2934,146.70000000000002,2787.3,3172.0,-384.6999999999998,-13.8
20643,10143,45,3,1604,10,43,2026-07-09,Shipped,Mobile,Customer 43,customer43@example.com,Chennai,Tamil Nadu,2026-03-22,Premium,Product 45,Fashion,Evergreen,1845.0,2453.85,4812,481.20000000000005,4330.8,5535.0,-1204.1999999999998,-27.81
20644,10144,2,4,1741,15,44,2026-08-14,Delivered,Store,Customer 44,customer44@example.com,Bengaluru,Karnataka,2026-04-25,Corporate,Product 2,Home,BluePeak,254.0,358.14,6964,1044.6,5919.4,1016.0,4903.4,82.84
20646,10146,16,1,2015,0,46,2026-02-24,Placed,Mobile,Customer 46,customer46@example.com,Mumbai,Maharashtra,2026-06-04,Premium,Product 16,Electronics,Aster,772.0,965.0,2015,0.0,2015.0,772.0,1243.0,61.69
20647,10147,23,2,2152,5,47,2026-03-02,Paid,Store,Customer 47,customer47@example.com,Pune,Maharashtra,2026-07-07,Corporate,Product 23,Sports,Cobalt,1031.0,1536.19,4304,215.20000000000002,4088.8,2062.0,2026.8000000000002,49.57
20648,10148,30,3,2289,10,48,2026-04-07,Shipped,Web,Customer 48,customer48@example.com,Kochi,Kerala,2026-08-10,Standard,Product 30,Fashion,Evergreen,1290.0,1818.9,6867,686.7,6180.3,3870.0,2310.3,37.38
20649,10149,37,4,2426,15,49,2026-05-12,Delivered,Mobile,Customer 49,customer49@example.com,Chennai,Tamil Nadu,2026-01-13,Premium,Product 37,Home,BluePeak,1549.0,2060.17,9704,1455.6,8248.4,6196.0,2052.3999999999996,24.88
20651,10151,1,1,2700,0,51,2026-07-22,Placed,Web,Customer 51,customer51@example.com,Hyderabad,Telangana,2026-03-19,Standard,Product 1,Electronics,Aster,217.0,288.61,2700,0.0,2700.0,217.0,2483.0,91.96
20652,10152,8,2,2837,5,52,2026-08-27,Paid,Mobile,Customer 52,customer52@example.com,Mumbai,Maharashtra,2026-04-22,Premium,Product 8,Sports,Cobalt,476.0,595.0,5674,283.7,5390.3,952.0,4438.3,82.34
20653,10153,15,3,2974,10,53,2026-01-05,Shipped,Store,Customer 53,customer53@example.com,Pune,Maharashtra,2026-05-25,Corporate,Product 15,Fashion,Evergreen,735.0,1095.15,8922,892.2,8029.8,2205.0,5824.8,72.54
20654,10154,22,4,3111,15,54,2026-02-10,Delivered,Web,Customer 54,customer54@example.com,Kochi,Kerala,2026-06-01,Standard,Product 22,Home,BluePeak,994.0,1401.54,12444,1866.6,10577.4,3976.0,6601.4,62.41
20656,10156,36,1,3385,0,56,2026-04-20,Placed,Store,Customer 56,customer56@example.com,Bengaluru,Karnataka,2026-08-07,Corporate,Product 36,Electronics,Aster,1512.0,1890.0,3385,0.0,3385.0,1512.0,1873.0,55.33
20657,10157,43,2,3522,5,57,2026-05-25,Paid,Web,Customer 57,customer57@example.com,Hyderabad,Telangana,2026-01-10,Standard,Product 43,Sports,Cobalt,1771.0,2638.79,7044,352.20000000000005,6691.8,3542.0,3149.8,47.07
20658,10158,50,3,3659,10,58,2026-06-03,Shipped,Mobile,Customer 58,customer58@example.com,Mumbai,Maharashtra,2026-02-13,Premium,Product 50,Fashion,Evergreen,2030.0,2862.3,10977,1097.7,9879.3,6090.0,3789.2999999999993,38.36
20659,10159,7,4,3796,15,59,2026-07-08,Delivered,Store,Customer 59,customer59@example.com,Pune,Maharashtra,2026-03-16,Corporate,Product 7,Home,BluePeak,439.0,654.11,15184,2277.6,12906.4,1756.0,11150.4,86.39
20661,10161,21,1,4070,0,61,2026-01-18,Placed,Mobile,Customer 61,customer61@example.com,Chennai,Tamil Nadu,2026-05-22,Premium,Product 21,Electronics,Aster,957.0,1272.81,4070,0.0,4070.0,957.0,3113.0,76.49
20662,10162,28,2,4207,5,62,2026-02-23,Paid,Store,Customer 62,customer62@example.com,Bengaluru,Karnataka,2026-06-25,Corporate,Product 28,Sports,Cobalt,1216.0,1520.0,8414,420.70000000000005,7993.3,2432.0,5561.3,69.57
20663,10163,35,3,4344,10,63,2026-03-01,Shipped,Web,Customer 63,customer63@example.com,Hyderabad,Telangana,2026-07-01,Standard,Product 35,Fashion,Evergreen,1475.0,2197.75,13032,1303.2,11728.8,4425.0,7303.799999999999,62.27
20664,10164,42,4,4481,15,64,2026-04-06,Delivered,Mobile,Customer 64,customer64@example.com,Mumbai,Maharashtra,2026-08-04,Premium,Product 42,Home,BluePeak,1734.0,2444.94,17924,2688.6,15235.4,6936.0,8299.4,54.47
20666,10166,6,1,4755,0,66,2026-06-16,Placed,Web,Customer 66,customer66@example.com,Kochi,Kerala,2026-02-10,Standard,Product 6,Electronics,Aster,402.0,566.82,4755,0.0,4755.0,402.0,4353.0,91.55
20667,10167,13,2,4892,5,67,2026-07-21,Paid,Mobile,Customer 67,customer67@example.com,Chennai,Tamil Nadu,2026-03-13,Premium,Product 13,Sports,Cobalt,661.0,879.13,9784,489.20000000000005,9294.8,1322.0,7972.799999999999,85.78
20668,10168,20,3,5029,10,68,2026-08-26,Shipped,Store,Customer 68,customer68@example.com,Bengaluru,Karnataka,2026-04-16,Corporate,Product 20,Fashion,Evergreen,920.0,1150.0,15087,1508.7,13578.3,2760.0,10818.3,79.67
20669,10169,27,4,5166,15,69,2026-01-04,Delivered,Web,Customer 69,customer69@example.com,Hyderabad,Telangana,2026-05-19,Standard,Product 27,Home,BluePeak,1179.0,1756.71,20664,3099.6,17564.4,4716.0,12848.400000000001,73.15
20671,10171,41,1,5440,0,71,2026-03-14,Placed,Store,Customer 71,customer71@example.com,Pune,Maharashtra,2026-07-25,Corporate,Product 41,Electronics,Aster,1697.0,2257.01,5440,0.0,5440.0,1697.0,3743.0,68.81
20672,10172,48,2,5577,5,72,2026-04-19,Paid,Web,Customer 72,customer72@example.com,Kochi,Kerala,2026-08-01,Standard,Product 48,Sports,Cobalt,1956.0,2445.0,11154,557.7,10596.3,3912.0,6684.299999999999,63.08
20673,10173,5,3,5714,10,73,2026-05-24,Shipped,Mobile,Customer 73,customer73@example.com,Chennai,Tamil Nadu,2026-01-04,Premium,Product 5,Fashion,Evergreen,365.0,485.45,17142,1714.2,15427.8,1095.0,14332.8,92.9
20674,10174,12,4,5851,15,74,2026-06-02,Delivered,Store,Customer 74,customer74@example.com,Bengaluru,Karnataka,2026-02-07,Corporate,Product 12,Home,BluePeak,624.0,780.0,23404,3510.6,19893.4,2496.0,17397.4,87.45
20676,10176,26,1,6125,0,76,2026-08-12,Placed,Mobile,Customer 76,customer76@example.com,Mumbai,Maharashtra,2026-04-13,Premium,Product 26,Electronics,Aster,1142.0,1610.22,6125,0.0,6125.0,1142.0,4983.0,81.36
20677,10177,33,2,6262,5,77,2026-01-17,Paid,Store,Customer 77,customer77@example.com,Pune,Maharashtra,2026-05-16,Corporate,Product 33,Sports,Cobalt,1401.0,1863.33,12524,626.2,11897.8,2802.0,9095.8,76.45
20678,10178,40,3,6399,10,78,2026-02-22,Shipped,Web,Customer 78,customer78@example.com,Kochi,Kerala,2026-06-19,Standard,Product 40,Fashion,Evergreen,1660.0,2075.0,19197,1919.7,17277.3,4980.0,12297.3,71.18
20679,10179,47,4,6536,15,79,2026-03-27,Delivered,Mobile,Customer 79,customer79@example.com,Chennai,Tamil Nadu,2026-07-22,Premium,Product 47,Home,BluePeak,1919.0,2859.31,26144,3921.6,22222.4,7676.0,14546.400000000001,65.46
20681,10181,11,1,610,0,81,2026-05-10,Placed,Web,Customer 81,customer81@example.com,Hyderabad,Telangana,2026-01-01,Standard,Product 11,Electronics,Aster,587.0,874.63,610,0.0,610.0,587.0,23.0,3.77
20682,10182,18,2,747,5,82,2026-06-15,Paid,Mobile,Customer 82,customer82@example.com,Mumbai,Maharashtra,2026-02-04,Premium,Product 18,Sports,Cobalt,846.0,1192.86,1494,74.7,1419.3,1692.0,-272.70000000000005,-19.21
20683,10183,25,3,884,10,83,2026-07-20,Shipped,Store,Customer 83,customer83@example.com,Pune,Maharashtra,2026-03-07,Corporate,Product 25,Fashion,Evergreen,1105.0,1469.65,2652,265.2,2386.8,3315.0,-928.1999999999998,-38.89
20684,10184,32,4,1021,15,84,2026-08-25,Delivered,Web,Customer 84,customer84@example.com,Kochi,Kerala,2026-04-10,Standard,Product 32,Home,BluePeak,1364.0,1705.0,4084,612.6,3471.4,5456.0,-1984.6,-57.17
20686,10186,46,1,1295,0,86,2026-02-08,Placed,Store,Customer 86,customer86@example.com,Bengaluru,Karnataka,2026-06-16,Corporate,Product 46,Electronics,Aster,1882.0,2653.62,1295,0.0,1295.0,1882.0,-587.0,-45.33
20687,10187,3,2,1432,5,87,2026-03-13,Paid,Web,Customer 87,customer87@example.com,Hyderabad,Telangana,2026-07-19,Standard,Product 3,Sports,Cobalt,291.0,433.59,2864,143.20000000000002,2720.8,582.0,2138.8,78.61
20688,10188,10,3,1569,10,88,2026-04-18,Shipped,Mobile,Customer 88,customer88@example.com,Mumbai,Maharashtra,2026-08-22,Premium,Product 10,Fashion,Evergreen,550.0,775.5,4707,470.70000000000005,4236.3,1650.0,2586.3,61.05
20689,10189,17,4,1706,15,89,2026-05-23,Delivered,Store,Customer 89,customer89@example.com,Pune,Maharashtra,2026-01-25,Corporate,Product 17,Home,BluePeak,809.0,1075.97,6824,1023.5999999999999,5800.4,3236.0,2564.3999999999996,44.21
20691,10191,31,1,1980,0,91,2026-07-06,Placed,Mobile,Customer 91,customer91@example.com,Chennai,Tamil Nadu,2026-03-04,Premium,Product 31,Electronics,Aster,1327.0,1977.23,1980,0.0,1980.0,1327.0,653.0,32.98
20692,10192,38,2,2117,5,92,2026-08-11,Paid,Store,Customer 92,customer92@example.com,Bengaluru,Karnataka,2026-04-07,Corporate,Product 38,Sports,Cobalt,1586.0,2236.26,4234,211.70000000000002,4022.3,3172.0,850.3000000000002,21.14
20693,10193,45,3,2254,10,93,2026-01-16,Shipped,Web,Customer 93,customer93@example.com,Hyderabad,Telangana,2026-05-10,Standard,Product 45,Fashion,Evergreen,1845.0,2453.85,6762,676.2,6085.8,5535.0,550.8000000000002,9.05
20694,10194,2,4,2391,15,94,2026-02-21,Delivered,Mobile,Customer 94,customer94@example.com,Mumbai,Maharashtra,2026-06-13,Premium,Product 2,Home,BluePeak,254.0,358.14,9564,1434.6,8129.4,1016.0,7113.4,87.5
20696,10196,16,1,2665,0,96,2026-04-04,Placed,Web,Customer 96,customer96@example.com,Kochi,Kerala,2026-08-19,Standard,Product 16,Electronics,Aster,772.0,965.0,2665,0.0,2665.0,772.0,1893.0,71.03
20697,10197,23,2,2802,5,97,2026-05-09,Paid,Mobile,Customer 97,customer97@example.com,Chennai,Tamil Nadu,2026-01-22,Premium,Product 23,Sports,Cobalt,1031.0,1536.19,5604,280.2,5323.8,2062.0,3261.8,61.27
20698,10198,30,3,2939,10,98,2026-06-14,Shipped,Store,Customer 98,customer98@example.com,Bengaluru,Karnataka,2026-02-25,Corporate,Product 30,Fashion,Evergreen,1290.0,1818.9,8817,881.7,7935.3,3870.0,4065.3,51.23
20699,10199,37,4,3076,15,99,2026-07-19,Delivered,Web,Customer 99,customer99@example.com,Hyderabad,Telangana,2026-03-01,Standard,Product 37,Home,BluePeak,1549.0,2060.17,12304,1845.6,10458.4,6196.0,4262.4,40.76
20701,10201,1,1,3350,0,1,2026-01-02,Placed,Store,Customer 1,customer1@example.com,Chennai,Tamil Nadu,2026-01-04,Premium,Product 1,Electronics,Aster,217.0,288.61,3350,0.0,3350.0,217.0,3133.0,93.52
20702,10202,8,2,3487,5,2,2026-02-07,Paid,Web,Customer 2,customer2@example.com,Bengaluru,Karnataka,2026-02-07,Corporate,Product 8,Sports,Cobalt,476.0,595.0,6974,348.70000000000005,6625.3,952.0,5673.3,85.63
20703,10203,15,3,3624,10,3,2026-03-12,Shipped,Mobile,Customer 3,customer3@example.com,Hyderabad,Telangana,2026-03-10,Standard,Product 15,Fashion,Evergreen,735.0,1095.15,10872,1087.2,9784.8,2205.0,7579.799999999999,77.47
20704,10204,22,4,3761,15,4,2026-04-17,Delivered,Store,Customer 4,customer4@example.com,Mumbai,Maharashtra,2026-04-13,Premium,Product 22,Home,BluePeak,994.0,1401.54,15044,2256.6,12787.4,3976.0,8811.4,68.91
20706,10206,36,1,4035,0,6,2026-06-27,Placed,Mobile,Customer 6,customer6@example.com,Kochi,Kerala,2026-06-19,Standard,Product 36,Electronics,Aster,1512.0,1890.0,4035,0.0,4035.0,1512.0,2523.0,62.53
20707,10207,43,2,4172,5,7,2026-07-05,Paid,Store,Customer 7,customer7@example.com,Chennai,Tamil Nadu,2026-07-22,Premium,Product 43,Sports,Cobalt,1771.0,2638.79,8344,417.20000000000005,7926.8,3542.0,4384.8,55.32
20708,10208,50,3,4309,10,8,2026-08-10,Shipped,Web,Customer 8,customer8@example.com,Bengaluru,Karnataka,2026-08-25,Corporate,Product 50,Fashion,Evergreen,2030.0,2862.3,12927,1292.7,11634.3,6090.0,5544.299999999999,47.65
20709,10209,7,4,4446,15,9,2026-01-15,Delivered,Mobile,Customer 9,customer9@example.com,Hyderabad,Telangana,2026-01-01,Standard,Product 7,Home,BluePeak,439.0,654.11,17784,2667.6,15116.4,1756.0,13360.4,88.38
20711,10211,21,1,4720,0,11,2026-03-25,Placed,Web,Customer 11,customer11@example.com,Pune,Maharashtra,2026-03-07,Corporate,Product 21,Electronics,Aster,957.0,1272.81,4720,0.0,4720.0,957.0,3763.0,79.72
20712,10212,28,2,4857,5,12,2026-04-03,Paid,Mobile,Customer 12,customer12@example.com,Kochi,Kerala,2026-04-10,Standard,Product 28,Sports,Cobalt,1216.0,1520.0,9714,485.70000000000005,9228.3,2432.0,6796.299999999999,73.65
20713,10213,35,3,4994,10,13,2026-05-08,Shipped,Store,Customer 13,customer13@example.com,Chennai,Tamil Nadu,2026-05-13,Premium,Product 35,Fashion,Evergreen,1475.0,2197.75,14982,1498.2,13483.8,4425.0,9058.8,67.18
20714,10214,42,4,5131,15,14,2026-06-13,Delivered,Web,Customer 14,customer14@example.com,Bengaluru,Karnataka,2026-06-16,Corporate,Product 42,Home,BluePeak,1734.0,2444.94,20524,3078.6,17445.4,6936.0,10509.400000000001,60.24
20716,10216,6,1,5405,0,16,2026-08-23,Placed,Store,Customer 16,customer16@example.com,Mumbai,Maharashtra,2026-08-22,Premium,Product 6,Electronics,Aster,402.0,566.82,5405,0.0,5405.0,402.0,5003.0,92.56
20717,10217,13,2,5542,5,17,2026-01-01,Paid,Web,Customer 17,customer17@example.com,Pune,Maharashtra,2026-01-25,Corporate,Product 13,Sports,Cobalt,661.0,879.13,11084,554.2,10529.8,1322.0,9207.8,87.45
20718,10218,20,3,5679,10,18,2026-02-06,Shipped,Mobile,Customer 18,customer18@example.com,Kochi,Kerala,2026-02-01,Standard,Product 20,Fashion,Evergreen,920.0,1150.0,17037,1703.7,15333.3,2760.0,12573.3,82.0
20719,10219,27,4,5816,15,19,2026-03-11,Delivered,Store,Customer 19,customer19@example.com,Chennai,Tamil Nadu,2026-03-04,Premium,Product 27,Home,BluePeak,1179.0,1756.71,23264,3489.6,19774.4,4716.0,15058.400000000001,76.15
20721,10221,41,1,6090,0,21,2026-05-21,Placed,Mobile,Customer 21,customer21@example.com,Hyderabad,Telangana,2026-05-10,Standard,Product 41,Electronics,Aster,1697.0,2257.01,6090,0.0,6090.0,1697.0,4393.0,72.13
20722,10222,48,2,6227,5,22,2026-06-26,Paid,Store,Customer 22,customer22@example.com,Mumbai,Maharashtra,2026-06-13,Premium,Product 48,Sports,Cobalt,1956.0,2445.0,12454,622.7,11831.3,3912.0,7919.299999999999,66.94
20723,10223,5,3,6364,10,23,2026-07-04,Shipped,Web,Customer 23,customer23@example.com,Pune,Maharashtra,2026-07-16,Corporate,Product 5,Fashion,Evergreen,365.0,485.45,19092,1909.2,17182.8,1095.0,16087.8,93.63
20724,10224,12,4,6501,15,24,2026-08-09,Delivered,Mobile,Customer 24,customer24@example.com,Kochi,Kerala,2026-08-19,Standard,Product 12,Home,BluePeak,624.0,780.0,26004,3900.6,22103.4,2496.0,19607.4,88.71
20726,10226,26,1,575,0,26,2026-02-19,Placed,Web,Customer 26,customer26@example.com,Bengaluru,Karnataka,2026-02-25,Corporate,Product 26,Electronics,Aster,1142.0,1610.22,575,0.0,575.0,1142.0,-567.0,-98.61
20727,10227,33,2,712,5,27,2026-03-24,Paid,Mobile,Customer 27,customer27@example.com,Hyderabad,Telangana,2026-03-01,Standard,Product 33,Sports,Cobalt,1401.0,1863.33,1424,71.2,1352.8,2802.0,-1449.2,-107.13
20728,10228,40,3,849,10,28,2026-04-02,Shipped,Store,Customer 28,customer28@example.com,Mumbai,Maharashtra,2026-04-04,Premium,Product 40,Fashion,Evergreen,1660.0,2075.0,2547,254.70000000000002,2292.3,4980.0,-2687.7,-117.25
20729,10229,47,4,986,15,29,2026-05-07,Delivered,Web,Customer 29,customer29@example.com,Pune,Maharashtra,2026-05-07,Corporate,Product 47,Home,BluePeak,1919.0,2859.31,3944,591.6,3352.4,7676.0,-4323.6,-128.97
20731,10231,11,1,1260,0,31,2026-07-17,Placed,Store,Customer 31,customer31@example.com,Chennai,Tamil Nadu,2026-07-13,Premium,Product 11,Electronics,Aster,587.0,874.63,1260,0.0,1260.0,587.0,673.0,53.41
20732,10232,18,2,1397,5,32,2026-08-22,Paid,Web,Customer 32,customer32@example.com,Bengaluru,Karnataka,2026-08-16,Corporate,Product 18,Sports,Cobalt,846.0,1192.86,2794,139.70000000000002,2654.3,1692.0,962.3000000000002,36.25
20733,10233,25,3,1534,10,33,2026-01-27,Shipped,Mobile,Customer 33,customer33@example.com,Hyderabad,Telangana,2026-01-19,Standard,Product 25,Fashion,Evergreen,1105.0,1469.65,4602,460.20000000000005,4141.8,3315.0,826.8000000000002,19.96
20734,10234,32,4,1671,15,34,2026-02-05,Delivered,Store,Customer 34,customer34@example.com,Mumbai,Maharashtra,2026-02-22,Premium,Product 32,Home,BluePeak,1364.0,1705.0,6684,1002.5999999999999,5681.4,5456.0,225.39999999999964,3.97
20736,10236,46,1,1945,0,36,2026-04-15,Placed,Mobile,Customer 36,customer36@example.com,Kochi,Kerala,2026-04-01,Standard,Product 46,Electronics,Aster,1882.0,2653.62,1945,0.0,1945.0,1882.0,63.0,3.24
20737,10237,3,2,2082,5,37,2026-05-20,Paid,Store,Customer 37,customer37@example.com,Chennai,Tamil Nadu,2026-05-04,Premium,Product 3,Sports,Cobalt,291.0,433.59,4164,208.20000000000002,3955.8,582.0,3373.8,85.29
20738,10238,10,3,2219,10,38,2026-06-25,Shipped,Web,Customer 38,customer38@example.com,Bengaluru,Karnataka,2026-06-07,Corporate,Product 10,Fashion,Evergreen,550.0,775.5,6657,665.7,5991.3,1650.0,4341.3,72.46
20739,10239,17,4,2356,15,39,2026-07-03,Delivered,Mobile,Customer 39,customer39@example.com,Hyderabad,Telangana,2026-07-10,Standard,Product 17,Home,BluePeak,809.0,1075.97,9424,1413.6,8010.4,3236.0,4774.4,59.6
20741,10241,31,1,2630,0,41,2026-01-13,Placed,Web,Customer 41,customer41@example.com,Pune,Maharashtra,2026-01-16,Corporate,Product 31,Electronics,Aster,1327.0,1977.23,2630,0.0,2630.0,1327.0,1303.0,49.54
20742,10242,38,2,2767,5,42,2026-02-18,Paid,Mobile,Customer 42,customer42@example.com,Kochi,Kerala,2026-02-19,Standard,Product 38,Sports,Cobalt,1586.0,2236.26,5534,276.7,5257.3,3172.0,2085.3,39.66
20743,10243,45,3,2904,10,43,2026-03-23,Shipped,Store,Customer 43,customer43@example.com,Chennai,Tamil Nadu,2026-03-22,Premium,Product 45,Fashion,Evergreen,1845.0,2453.85,8712,871.2,7840.8,5535.0,2305.8,29.41
20744,10244,2,4,3041,15,44,2026-04-01,Delivered,Web,Customer 44,customer44@example.com,Bengaluru,Karnataka,2026-04-25,Corporate,Product 2,Home,BluePeak,254.0,358.14,12164,1824.6,10339.4,1016.0,9323.4,90.17
20746,10246,16,1,3315,0,46,2026-06-11,Placed,Store,Customer 46,customer46@example.com,Mumbai,Maharashtra,2026-06-04,Premium,Product 16,Electronics,Aster,772.0,965.0,3315,0.0,3315.0,772.0,2543.0,76.71
20747,10247,23,2,3452,5,47,2026-07-16,Paid,Web,Customer 47,customer47@example.com,Pune,Maharashtra,2026-07-07,Corporate,Product 23,Sports,Cobalt,1031.0,1536.19,6904,345.20000000000005,6558.8,2062.0,4496.8,68.56
20748,10248,30,3,3589,10,48,2026-08-21,Shipped,Mobile,Customer 48,customer48@example.com,Kochi,Kerala,2026-08-10,Standard,Product 30,Fashion,Evergreen,1290.0,1818.9,10767,1076.7,9690.3,3870.0,5820.299999999999,60.06
20749,10249,37,4,3726,15,49,2026-01-26,Delivered,Store,Customer 49,customer49@example.com,Chennai,Tamil Nadu,2026-01-13,Premium,Product 37,Home,BluePeak,1549.0,2060.17,14904,2235.6,12668.4,6196.0,6472.4,51.09
20751,10251,1,1,4000,0,51,2026-03-09,Placed,Mobile,Customer 51,customer51@example.com,Hyderabad,Telangana,2026-03-19,Standard,Product 1,Electronics,Aster,217.0,288.61,4000,0.0,4000.0,217.0,3783.0,94.58
20752,10252,8,2,4137,5,52,2026-04-14,Paid,Store,Customer 52,customer52@example.com,Mumbai,Maharashtra,2026-04-22,Premium,Product 8,Sports,Cobalt,476.0,595.0,8274,413.70000000000005,7860.3,952.0,6908.3,87.89
20753,10253,15,3,4274,10,53,2026-05-19,Shipped,Web,Customer 53,customer53@example.com,Pune,Maharashtra,2026-05-25,Corporate,Product 15,Fashion,Evergreen,735.0,1095.15,12822,1282.2,11539.8,2205.0,9334.8,80.89
20754,10254,22,4,4411,15,54,2026-06-24,Delivered,Mobile,Customer 54,customer54@example.com,Kochi,Kerala,2026-06-01,Standard,Product 22,Home,BluePeak,994.0,1401.54,17644,2646.6,14997.4,3976.0,11021.4,73.49
20756,10256,36,1,4685,0,56,2026-08-07,Placed,Web,Customer 56,customer56@example.com,Bengaluru,Karnataka,2026-08-07,Corporate,Product 36,Electronics,Aster,1512.0,1890.0,4685,0.0,4685.0,1512.0,3173.0,67.73
20757,10257,43,2,4822,5,57,2026-01-12,Paid,Mobile,Customer 57,customer57@example.com,Hyderabad,Telangana,2026-01-10,Standard,Product 43,Sports,Cobalt,1771.0,2638.79,9644,482.20000000000005,9161.8,3542.0,5619.799999999999,61.34
20758,10258,50,3,4959,10,58,2026-02-17,Shipped,Store,Customer 58,customer58@example.com,Mumbai,Maharashtra,2026-02-13,Premium,Product 50,Fashion,Evergreen,2030.0,2862.3,14877,1487.7,13389.3,6090.0,7299.299999999999,54.52
20759,10259,7,4,5096,15,59,2026-03-22,Delivered,Web,Customer 59,customer59@example.com,Pune,Maharashtra,2026-03-16,Corporate,Product 7,Home,BluePeak,439.0,654.11,20384,3057.6,17326.4,1756.0,15570.400000000001,89.87
20761,10261,21,1,5370,0,61,2026-05-05,Placed,Store,Customer 61,customer61@example.com,Chennai,Tamil Nadu,2026-05-22,Premium,Product 21,Electronics,Aster,957.0,1272.81,5370,0.0,5370.0,957.0,4413.0,82.18
20762,10262,28,2,5507,5,62,2026-06-10,Paid,Web,Customer 62,customer62@example.com,Bengaluru,Karnataka,2026-06-25,Corporate,Product 28,Sports,Cobalt,1216.0,1520.0,11014,550.7,10463.3,2432.0,8031.299999999999,76.76
20763,10263,35,3,5644,10,63,2026-07-15,Shipped,Mobile,Customer 63,customer63@example.com,Hyderabad,Telangana,2026-07-01,Standard,Product 35,Fashion,Evergreen,1475.0,2197.75,16932,1693.2,15238.8,4425.0,10813.8,70.96
20764,10264,42,4,5781,15,64,2026-08-20,Delivered,Store,Customer 64,customer64@example.com,Mumbai,Maharashtra,2026-08-04,Premium,Product 42,Home,BluePeak,1734.0,2444.94,23124,3468.6,19655.4,6936.0,12719.400000000001,64.71
20766,10266,6,1,6055,0,66,2026-02-03,Placed,Mobile,Customer 66,customer66@example.com,Kochi,Kerala,2026-02-10,Standard,Product 6,Electronics,Aster,402.0,566.82,6055,0.0,6055.0,402.0,5653.0,93.36
20767,10267,13,2,6192,5,67,2026-03-08,Paid,Store,Customer 67,customer67@example.com,Chennai,Tamil Nadu,2026-03-13,Premium,Product 13,Sports,Cobalt,661.0,879.13,12384,619.2,11764.8,1322.0,10442.8,88.76
20768,10268,20,3,6329,10,68,2026-04-13,Shipped,Web,Customer 68,customer68@example.com,Bengaluru,Karnataka,2026-04-16,Corporate,Product 20,Fashion,Evergreen,920.0,1150.0,18987,1898.7,17088.3,2760.0,14328.3,83.85
20769,10269,27,4,6466,15,69,2026-05-18,Delivered,Mobile,Customer 69,customer69@example.com,Hyderabad,Telangana,2026-05-19,Standard,Product 27,Home,BluePeak,1179.0,1756.71,25864,3879.6,21984.4,4716.0,17268.4,78.55
20771,10271,41,1,540,0,71,2026-07-01,Placed,Web,Customer 71,customer71@example.com,Pune,Maharashtra,2026-07-25,Corporate,Product 41,Electronics,Aster,1697.0,2257.01,540,0.0,540.0,1697.0,-1157.0,-214.26
20772,10272,48,2,677,5,72,2026-08-06,Paid,Mobile,Customer 72,customer72@example.com,Kochi,Kerala,2026-08-01,Standard,Product 48,Sports,Cobalt,1956.0,2445.0,1354,67.7,1286.3,3912.0,-2625.7,-204.13
20773,10273,5,3,814,10,73,2026-01-11,Shipped,Store,Customer 73,customer73@example.com,Chennai,Tamil Nadu,2026-01-04,Premium,Product 5,Fashion,Evergreen,365.0,485.45,2442,244.20000000000002,2197.8,1095.0,1102.8000000000002,50.18
20774,10274,12,4,951,15,74,2026-02-16,Delivered,Web,Customer 74,customer74@example.com,Bengaluru,Karnataka,2026-02-07,Corporate,Product 12,Home,BluePeak,624.0,780.0,3804,570.6,3233.4,2496.0,737.4000000000001,22.81
20776,10276,26,1,1225,0,76,2026-04-26,Placed,Store,Customer 76,customer76@example.com,Mumbai,Maharashtra,2026-04-13,Premium,Product 26,Electronics,Aster,1142.0,1610.22,1225,0.0,1225.0,1142.0,83.0,6.78
20777,10277,33,2,1362,5,77,2026-05-04,Paid,Web,Customer 77,customer77@example.com,Pune,Maharashtra,2026-05-16,Corporate,Product 33,Sports,Cobalt,1401.0,1863.33,2724,136.20000000000002,2587.8,2802.0,-214.19999999999982,-8.28
20778,10278,40,3,1499,10,78,2026-06-09,Shipped,Mobile,Customer 78,customer78@example.com,Kochi,Kerala,2026-06-19,Standard,Product 40,Fashion,Evergreen,1660.0,2075.0,4497,449.70000000000005,4047.3,4980.0,-932.6999999999998,-23.04
20779,10279,47,4,1636,15,79,2026-07-14,Delivered,Store,Customer 79,customer79@example.com,Chennai,Tamil Nadu,2026-07-22,Premium,Product 47,Home,BluePeak,1919.0,2859.31,6544,981.5999999999999,5562.4,7676.0,-2113.6000000000004,-38.0
20781,10281,11,1,1910,0,81,2026-01-24,Placed,Mobile,Customer 81,customer81@example.com,Hyderabad,Telangana,2026-01-01,Standard,Product 11,Electronics,Aster,587.0,874.63,1910,0.0,1910.0,587.0,1323.0,69.27
20782,10282,18,2,2047,5,82,2026-02-02,Paid,Store,Customer 82,customer82@example.com,Mumbai,Maharashtra,2026-02-04,Premium,Product 18,Sports,Cobalt,846.0,1192.86,4094,204.70000000000002,3889.3,1692.0,2197.3,56.5
20783,10283,25,3,2184,10,83,2026-03-07,Shipped,Web,Customer 83,customer83@example.com,Pune,Maharashtra,2026-03-07,Corporate,Product 25,Fashion,Evergreen,1105.0,1469.65,6552,655.2,5896.8,3315.0,2581.8,43.78
20784,10284,32,4,2321,15,84,2026-04-12,Delivered,Mobile,Customer 84,customer84@example.com,Kochi,Kerala,2026-04-10,Standard,Product 32,Home,BluePeak,1364.0,1705.0,9284,1392.6,7891.4,5456.0,2435.3999999999996,30.86
20786,10286,46,1,2595,0,86,2026-06-22,Placed,Web,Customer 86,customer86@example.com,Bengaluru,Karnataka,2026-06-16,Corporate,Product 46,Electronics,Aster,1882.0,2653.62,2595,0.0,2595.0,1882.0,713.0,27.48
20787,10287,3,2,2732,5,87,2026-07-27,Paid,Mobile,Customer 87,customer87@example.com,Hyderabad,Telangana,2026-07-19,Standard,Product 3,Sports,Cobalt,291.0,433.59,5464,273.2,5190.8,582.0,4608.8,88.79
20788,10288,10,3,2869,10,88,2026-08-05,Shipped,Store,Customer 88,customer88@example.com,Mumbai,Maharashtra,2026-08-22,Premium,Product 10,Fashion,Evergreen,550.0,775.5,8607,860.7,7746.3,1650.0,6096.3,78.7
20789,10289,17,4,3006,15,89,2026-01-10,Delivered,Web,Customer 89,customer89@example.com,Pune,Maharashtra,2026-01-25,Corporate,Product 17,Home,BluePeak,809.0,1075.97,12024,1803.6,10220.4,3236.0,6984.4,68.34
20791,10291,31,1,3280,0,91,2026-03-20,Placed,Store,Customer 91,customer91@example.com,Chennai,Tamil Nadu,2026-03-04,Premium,Product 31,Electronics,Aster,1327.0,1977.23,3280,0.0,3280.0,1327.0,1953.0,59.54
20792,10292,38,2,3417,5,92,2026-04-25,Paid,Web,Customer 92,customer92@example.com,Bengaluru,Karnataka,2026-04-07,Corporate,Product 38,Sports,Cobalt,1586.0,2236.26,6834,341.70000000000005,6492.3,3172.0,3320.3,51.14
20793,10293,45,3,3554,10,93,2026-05-03,Shipped,Mobile,Customer 93,customer93@example.com,Hyderabad,Telangana,2026-05-10,Standard,Product 45,Fashion,Evergreen,1845.0,2453.85,10662,1066.2,9595.8,5535.0,4060.7999999999993,42.32
20794,10294,2,4,3691,15,94,2026-06-08,Delivered,Store,Customer 94,customer94@example.com,Mumbai,Maharashtra,2026-06-13,Premium,Product 2,Home,BluePeak,254.0,358.14,14764,2214.6,12549.4,1016.0,11533.4,91.9
20796,10296,16,1,3965,0,96,2026-08-18,Placed,Mobile,Customer 96,customer96@example.com,Kochi,Kerala,2026-08-19,Standard,Product 16,Electronics,Aster,772.0,965.0,3965,0.0,3965.0,772.0,3193.0,80.53
20797,10297,23,2,4102,5,97,2026-01-23,Paid,Store,Customer 97,customer97@example.com,Chennai,Tamil Nadu,2026-01-22,Premium,Product 23,Sports,Cobalt,1031.0,1536.19,8204,410.20000000000005,7793.8,2062.0,5731.8,73.54
20798,10298,30,3,4239,10,98,2026-02-01,Shipped,Web,Customer 98,customer98@example.com,Bengaluru,Karnataka,2026-02-25,Corporate,Product 30,Fashion,Evergreen,1290.0,1818.9,12717,1271.7,11445.3,3870.0,7575.299999999999,66.19
20799,10299,37,4,4376,15,99,2026-03-06,Delivered,Mobile,Customer 99,customer99@example.com,Hyderabad,Telangana,2026-03-01,Standard,Product 37,Home,BluePeak,1549.0,2060.17,17504,2625.6,14878.4,6196.0,8682.4,58.36
20801,10301,1,1,4650,0,1,2026-05-16,Placed,Web,Customer 1,customer1@example.com,Chennai,Tamil Nadu,2026-01-04,Premium,Product 1,Electronics,Aster,217.0,288.61,4650,0.0,4650.0,217.0,4433.0,95.33
20802,10302,8,2,4787,5,2,2026-06-21,Paid,Mobile,Customer 2,customer2@example.com,Bengaluru,Karnataka,2026-02-07,Corporate,Product 8,Sports,Cobalt,476.0,595.0,9574,478.70000000000005,9095.3,952.0,8143.299999999999,89.53
20803,10303,15,3,4924,10,3,2026-07-26,Shipped,Store,Customer 3,customer3@example.com,Hyderabad,Telangana,2026-03-10,Standard,Product 15,Fashion,Evergreen,735.0,1095.15,14772,1477.2,13294.8,2205.0,11089.8,83.41
20804,10304,22,4,5061,15,4,2026-08-04,Delivered,Web,Customer 4,customer4@example.com,Mumbai,Maharashtra,2026-04-13,Premium,Product 22,Home,BluePeak,994.0,1401.54,20244,3036.6,17207.4,3976.0,13231.400000000001,76.89
20806,10306,36,1,5335,0,6,2026-02-14,Placed,Store,Customer 6,customer6@example.com,Kochi,Kerala,2026-06-19,Standard,Product 36,Electronics,Aster,1512.0,1890.0,5335,0.0,5335.0,1512.0,3823.0,71.66
20807,10307,43,2,5472,5,7,2026-03-19,Paid,Web,Customer 7,customer7@example.com,Chennai,Tamil Nadu,2026-07-22,Premium,Product 43,Sports,Cobalt,1771.0,2638.79,10944,547.2,10396.8,3542.0,6854.799999999999,65.93
20808,10308,50,3,5609,10,8,2026-04-24,Shipped,Mobile,Customer 8,customer8@example.com,Bengaluru,Karnataka,2026-08-25,Corporate,Product 50,Fashion,Evergreen,2030.0,2862.3,16827,1682.7,15144.3,6090.0,9054.3,59.79
20809,10309,7,4,5746,15,9,2026-05-02,Delivered,Store,Customer 9,customer9@example.com,Hyderabad,Telangana,2026-01-01,Standard,Product 7,Home,BluePeak,439.0,654.11,22984,3447.6,19536.4,1756.0,17780.4,91.01
20811,10311,21,1,6020,0,11,2026-07-12,Placed,Mobile,Customer 11,customer11@example.com,Pune,Maharashtra,2026-03-07,Corporate,Product 21,Electronics,Aster,957.0,1272.81,6020,0.0,6020.0,957.0,5063.0,84.1
20812,10312,28,2,6157,5,12,2026-08-17,Paid,Store,Customer 12,customer12@example.com,Kochi,Kerala,2026-04-10,Standard,Product 28,Sports,Cobalt,1216.0,1520.0,12314,615.7,11698.3,2432.0,9266.3,79.21
20813,10313,35,3,6294,10,13,2026-01-22,Shipped,Web,Customer 13,customer13@example.com,Chennai,Tamil Nadu,2026-05-13,Premium,Product 35,Fashion,Evergreen,1475.0,2197.75,18882,1888.2,16993.8,4425.0,12568.8,73.96
20814,10314,42,4,6431,15,14,2026-02-27,Delivered,Mobile,Customer 14,customer14@example.com,Bengaluru,Karnataka,2026-06-16,Corporate,Product 42,Home,BluePeak,1734.0,2444.94,25724,3858.6,21865.4,6936.0,14929.400000000001,68.28
20816,10316,6,1,505,0,16,2026-04-10,Placed,Web,Customer 16,customer16@example.com,Mumbai,Maharashtra,2026-08-22,Premium,Product 6,Electronics,Aster,402.0,566.82,505,0.0,505.0,402.0,103.0,20.4
20817,10317,13,2,642,5,17,2026-05-15,Paid,Mobile,Customer 17,customer17@example.com,Pune,Maharashtra,2026-01-25,Corporate,Product 13,Sports,Cobalt,661.0,879.13,1284,64.2,1219.8,1322.0,-102.20000000000005,-8.38
20818,10318,20,3,779,10,18,2026-06-20,Shipped,Store,Customer 18,customer18@example.com,Kochi,Kerala,2026-02-01,Standard,Product 20,Fashion,Evergreen,920.0,1150.0,2337,233.70000000000002,2103.3,2760.0,-656.6999999999998,-31.22
20819,10319,27,4,916,15,19,2026-07-25,Delivered,Web,Customer 19,customer19@example.com,Chennai,Tamil Nadu,2026-03-04,Premium,Product 27,Home,BluePeak,1179.0,1756.71,3664,549.6,3114.4,4716.0,-1601.6,-51.43
20821,10321,41,1,1190,0,21,2026-01-08,Placed,Store,Customer 21,customer21@example.com,Hyderabad,Telangana,2026-05-10,Standard,Product 41,Electronics,Aster,1697.0,2257.01,1190,0.0,1190.0,1697.0,-507.0,-42.61
20822,10322,48,2,1327,5,22,2026-02-13,Paid,Web,Customer 22,customer22@example.com,Mumbai,Maharashtra,2026-06-13,Premium,Product 48,Sports,Cobalt,1956.0,2445.0,2654,132.70000000000002,2521.3,3912.0,-1390.6999999999998,-55.16
20823,10323,5,3,1464,10,23,2026-03-18,Shipped,Mobile,Customer 23,customer23@example.com,Pune,Maharashtra,2026-07-16,Corporate,Product 5,Fashion,Evergreen,365.0,485.45,4392,439.20000000000005,3952.8,1095.0,2857.8,72.3
20824,10324,12,4,1601,15,24,2026-04-23,Delivered,Store,Customer 24,customer24@example.com,Kochi,Kerala,2026-08-19,Standard,Product 12,Home,BluePeak,624.0,780.0,6404,960.5999999999999,5443.4,2496.0,2947.3999999999996,54.15
20826,10326,26,1,1875,0,26,2026-06-06,Placed,Mobile,Customer 26,customer26@example.com,Bengaluru,Karnataka,2026-02-25,Corporate,Product 26,Electronics,Aster,1142.0,1610.22,1875,0.0,1875.0,1142.0,733.0,39.09
20827,10327,33,2,2012,5,27,2026-07-11,Paid,Store,Customer 27,customer27@example.com,Hyderabad,Telangana,2026-03-01,Standard,Product 33,Sports,Cobalt,1401.0,1863.33,4024,201.20000000000002,3822.8,2802.0,1020.8000000000002,26.7
20828,10328,40,3,2149,10,28,2026-08-16,Shipped,Web,Customer 28,customer28@example.com,Mumbai,Maharashtra,2026-04-04,Premium,Product 40,Fashion,Evergreen,1660.0,2075.0,6447,644.7,5802.3,4980.0,822.3000000000002,14.17
20829,10329,47,4,2286,15,29,2026-01-21,Delivered,Mobile,Customer 29,customer29@example.com,Pune,Maharashtra,2026-05-07,Corporate,Product 47,Home,BluePeak,1919.0,2859.31,9144,1371.6,7772.4,7676.0,96.39999999999964,1.24
20831,10331,11,1,2560,0,31,2026-03-04,Placed,Web,Customer 31,customer31@example.com,Chennai,Tamil Nadu,2026-07-13,Premium,Product 11,Electronics,Aster,587.0,874.63,2560,0.0,2560.0,587.0,1973.0,77.07
20832,10332,18,2,2697,5,32,2026-04-09,Paid,Mobile,Customer 32,customer32@example.com,Bengaluru,Karnataka,2026-08-16,Corporate,Product 18,Sports,Cobalt,846.0,1192.86,5394,269.7,5124.3,1692.0,3432.3,66.98
20833,10333,25,3,2834,10,33,2026-05-14,Shipped,Store,Customer 33,customer33@example.com,Hyderabad,Telangana,2026-01-19,Standard,Product 25,Fashion,Evergreen,1105.0,1469.65,8502,850.2,7651.8,3315.0,4336.8,56.68
20834,10334,32,4,2971,15,34,2026-06-19,Delivered,Web,Customer 34,customer34@example.com,Mumbai,Maharashtra,2026-02-22,Premium,Product 32,Home,BluePeak,1364.0,1705.0,11884,1782.6,10101.4,5456.0,4645.4,45.99
20836,10336,46,1,3245,0,36,2026-08-02,Placed,Store,Customer 36,customer36@example.com,Kochi,Kerala,2026-04-01,Standard,Product 46,Electronics,Aster,1882.0,2653.62,3245,0.0,3245.0,1882.0,1363.0,42.0
20837,10337,3,2,3382,5,37,2026-01-07,Paid,Web,Customer 37,customer37@example.com,Chennai,Tamil Nadu,2026-05-04,Premium,Product 3,Sports,Cobalt,291.0,433.59,6764,338.20000000000005,6425.8,582.0,5843.8,90.94
20838,10338,10,3,3519,10,38,2026-02-12,Shipped,Mobile,Customer 38,customer38@example.com,Bengaluru,Karnataka,2026-06-07,Corporate,Product 10,Fashion,Evergreen,550.0,775.5,10557,1055.7,9501.3,1650.0,7851.299999999999,82.63
20839,10339,17,4,3656,15,39,2026-03-17,Delivered,Store,Customer 39,customer39@example.com,Hyderabad,Telangana,2026-07-10,Standard,Product 17,Home,BluePeak,809.0,1075.97,14624,2193.6,12430.4,3236.0,9194.4,73.97
20841,10341,31,1,3930,0,41,2026-05-27,Placed,Mobile,Customer 41,customer41@example.com,Pune,Maharashtra,2026-01-16,Corporate,Product 31,Electronics,Aster,1327.0,1977.23,3930,0.0,3930.0,1327.0,2603.0,66.23
20842,10342,38,2,4067,5,42,2026-06-05,Paid,Store,Customer 42,customer42@example.com,Kochi,Kerala,2026-02-19,Standard,Product 38,Sports,Cobalt,1586.0,2236.26,8134,406.70000000000005,7727.3,3172.0,4555.3,58.95
20843,10343,45,3,4204,10,43,2026-07-10,Shipped,Web,Customer 43,customer43@example.com,Chennai,Tamil Nadu,2026-03-22,Premium,Product 45,Fashion,Evergreen,1845.0,2453.85,12612,1261.2,11350.8,5535.0,5815.799999999999,51.24
20844,10344,2,4,4341,15,44,2026-08-15,Delivered,Mobile,Customer 44,customer44@example.com,Bengaluru,Karnataka,2026-04-25,Corporate,Product 2,Home,BluePeak,254.0,358.14,17364,2604.6,14759.4,1016.0,13743.4,93.12
20846,10346,16,1,4615,0,46,2026-02-25,Placed,Web,Customer 46,customer46@example.com,Mumbai,Maharashtra,2026-06-04,Premium,Product 16,Electronics,Aster,772.0,965.0,4615,0.0,4615.0,772.0,3843.0,83.27
20847,10347,23,2,4752,5,47,2026-03-03,Paid,Mobile,Customer 47,customer47@example.com,Pune,Maharashtra,2026-07-07,Corporate,Product 23,Sports,Cobalt,1031.0,1536.19,9504,475.20000000000005,9028.8,2062.0,6966.799999999999,77.16
20848,10348,30,3,4889,10,48,2026-04-08,Shipped,Store,Customer 48,customer48@example.com,Kochi,Kerala,2026-08-10,Standard,Product 30,Fashion,Evergreen,1290.0,1818.9,14667,1466.7,13200.3,3870.0,9330.3,70.68
20849,10349,37,4,5026,15,49,2026-05-13,Delivered,Web,Customer 49,customer49@example.com,Chennai,Tamil Nadu,2026-01-13,Premium,Product 37,Home,BluePeak,1549.0,2060.17,20104,3015.6,17088.4,6196.0,10892.400000000001,63.74
20851,10351,1,1,5300,0,51,2026-07-23,Placed,Store,Customer 51,customer51@example.com,Hyderabad,Telangana,2026-03-19,Standard,Product 1,Electronics,Aster,217.0,288.61,5300,0.0,5300.0,217.0,5083.0,95.91
20852,10352,8,2,5437,5,52,2026-08-01,Paid,Web,Customer 52,customer52@example.com,Mumbai,Maharashtra,2026-04-22,Premium,Product 8,Sports,Cobalt,476.0,595.0,10874,543.7,10330.3,952.0,9378.3,90.78
20853,10353,15,3,5574,10,53,2026-01-06,Shipped,Mobile,Customer 53,customer53@example.com,Pune,Maharashtra,2026-05-25,Corporate,Product 15,Fashion,Evergreen,735.0,1095.15,16722,1672.2,15049.8,2205.0,12844.8,85.35
20854,10354,22,4,5711,15,54,2026-02-11,Delivered,Store,Customer 54,customer54@example.com,Kochi,Kerala,2026-06-01,Standard,Product 22,Home,BluePeak,994.0,1401.54,22844,3426.6,19417.4,3976.0,15441.400000000001,79.52
20856,10356,36,1,5985,0,56,2026-04-21,Placed,Mobile,Customer 56,customer56@example.com,Bengaluru,Karnataka,2026-08-07,Corporate,Product 36,Electronics,Aster,1512.0,1890.0,5985,0.0,5985.0,1512.0,4473.0,74.74
20857,10357,43,2,6122,5,57,2026-05-26,Paid,Store,Customer 57,customer57@example.com,Hyderabad,Telangana,2026-01-10,Standard,Product 43,Sports,Cobalt,1771.0,2638.79,12244,612.2,11631.8,3542.0,8089.799999999999,69.55
20858,10358,50,3,6259,10,58,2026-06-04,Shipped,Web,Customer 58,customer58@example.com,Mumbai,Maharashtra,2026-02-13,Premium,Product 50,Fashion,Evergreen,2030.0,2862.3,18777,1877.7,16899.3,6090.0,10809.3,63.96
20859,10359,7,4,6396,15,59,2026-07-09,Delivered,Mobile,Customer 59,customer59@example.com,Pune,Maharashtra,2026-03-16,Corporate,Product 7,Home,BluePeak,439.0,654.11,25584,3837.6,21746.4,1756.0,19990.4,91.93
20861,10361,21,1,470,0,61,2026-01-19,Placed,Web,Customer 61,customer61@example.com,Chennai,Tamil Nadu,2026-05-22,Premium,Product 21,Electronics,Aster,957.0,1272.81,470,0.0,470.0,957.0,-487.0,-103.62
20862,10362,28,2,607,5,62,2026-02-24,Paid,Mobile,Customer 62,customer62@example.com,Bengaluru,Karnataka,2026-06-25,Corporate,Product 28,Sports,Cobalt,1216.0,1520.0,1214,60.7,1153.3,2432.0,-1278.7,-110.87
20863,10363,35,3,744,10,63,2026-03-02,Shipped,Store,Customer 63,customer63@example.com,Hyderabad,Telangana,2026-07-01,Standard,Product 35,Fashion,Evergreen,1475.0,2197.75,2232,223.20000000000002,2008.8,4425.0,-2416.2,-120.28
20864,10364,42,4,881,15,64,2026-04-07,Delivered,Web,Customer 64,customer64@example.com,Mumbai,Maharashtra,2026-08-04,Premium,Product 42,Home,BluePeak,1734.0,2444.94,3524,528.6,2995.4,6936.0,-3940.6,-131.56
20866,10366,6,1,1155,0,66,2026-06-17,Placed,Store,Customer 66,customer66@example.com,Kochi,Kerala,2026-02-10,Standard,Product 6,Electronics,Aster,402.0,566.82,1155,0.0,1155.0,402.0,753.0,65.19
20867,10367,13,2,1292,5,67,2026-07-22,Paid,Web,Customer 67,customer67@example.com,Chennai,Tamil Nadu,2026-03-13,Premium,Product 13,Sports,Cobalt,661.0,879.13,2584,129.20000000000002,2454.8,1322.0,1132.8000000000002,46.15
20868,10368,20,3,1429,10,68,2026-08-27,Shipped,Mobile,Customer 68,customer68@example.com,Bengaluru,Karnataka,2026-04-16,Corporate,Product 20,Fashion,Evergreen,920.0,1150.0,4287,428.70000000000005,3858.3,2760.0,1098.3000000000002,28.47
20869,10369,27,4,1566,15,69,2026-01-05,Delivered,Store,Customer 69,customer69@example.com,Hyderabad,Telangana,2026-05-19,Standard,Product 27,Home,BluePeak,1179.0,1756.71,6264,939.5999999999999,5324.4,4716.0,608.3999999999996,11.43
20871,10371,41,1,1840,0,71,2026-03-15,Placed,Mobile,Customer 71,customer71@example.com,Pune,Maharashtra,2026-07-25,Corporate,Product 41,Electronics,Aster,1697.0,2257.01,1840,0.0,1840.0,1697.0,143.0,7.77
20872,10372,48,2,1977,5,72,2026-04-20,Paid,Store,Customer 72,customer72@example.com,Kochi,Kerala,2026-08-01,Standard,Product 48,Sports,Cobalt,1956.0,2445.0,3954,197.70000000000002,3756.3,3912.0,-155.69999999999982,-4.15
20873,10373,5,3,2114,10,73,2026-05-25,Shipped,Web,Customer 73,customer73@example.com,Chennai,Tamil Nadu,2026-01-04,Premium,Product 5,Fashion,Evergreen,365.0,485.45,6342,634.2,5707.8,1095.0,4612.8,80.82
20874,10374,12,4,2251,15,74,2026-06-03,Delivered,Mobile,Customer 74,customer74@example.com,Bengaluru,Karnataka,2026-02-07,Corporate,Product 12,Home,BluePeak,624.0,780.0,9004,1350.6,7653.4,2496.0,5157.4,67.39
20876,10376,26,1,2525,0,76,2026-08-13,Placed,Web,Customer 76,customer76@example.com,Mumbai,Maharashtra,2026-04-13,Premium,Product 26,Electronics,Aster,1142.0,1610.22,2525,0.0,2525.0,1142.0,1383.0,54.77
20877,10377,33,2,2662,5,77,2026-01-18,Paid,Mobile,Customer 77,customer77@example.com,Pune,Maharashtra,2026-05-16,Corporate,Product 33,Sports,Cobalt,1401.0,1863.33,5324,266.2,5057.8,2802.0,2255.8,44.6
20878,10378,40,3,2799,10,78,2026-02-23,Shipped,Store,Customer 78,customer78@example.com,Kochi,Kerala,2026-06-19,Standard,Product 40,Fashion,Evergreen,1660.0,2075.0,8397,839.7,7557.3,4980.0,2577.3,34.1
20879,10379,47,4,2936,15,79,2026-03-01,Delivered,Web,Customer 79,customer79@example.com,Chennai,Tamil Nadu,2026-07-22,Premium,Product 47,Home,BluePeak,1919.0,2859.31,11744,1761.6,9982.4,7676.0,2306.3999999999996,23.1
20881,10381,11,1,3210,0,81,2026-05-11,Placed,Store,Customer 81,customer81@example.com,Hyderabad,Telangana,2026-01-01,Standard,Product 11,Electronics,Aster,587.0,874.63,3210,0.0,3210.0,587.0,2623.0,81.71
20882,10382,18,2,3347,5,82,2026-06-16,Paid,Web,Customer 82,customer82@example.com,Mumbai,Maharashtra,2026-02-04,Premium,Product 18,Sports,Cobalt,846.0,1192.86,6694,334.70000000000005,6359.3,1692.0,4667.3,73.39
20883,10383,25,3,3484,10,83,2026-07-21,Shipped,Mobile,Customer 83,customer83@example.com,Pune,Maharashtra,2026-03-07,Corporate,Product 25,Fashion,Evergreen,1105.0,1469.65,10452,1045.2,9406.8,3315.0,6091.799999999999,64.76
20884,10384,32,4,3621,15,84,2026-08-26,Delivered,Store,Customer 84,customer84@example.com,Kochi,Kerala,2026-04-10,Standard,Product 32,Home,BluePeak,1364.0,1705.0,14484,2172.6,12311.4,5456.0,6855.4,55.68
20886,10386,46,1,3895,0,86,2026-02-09,Placed,Mobile,Customer 86,customer86@example.com,Bengaluru,Karnataka,2026-06-16,Corporate,Product 46,Electronics,Aster,1882.0,2653.62,3895,0.0,3895.0,1882.0,2013.0,51.68
20887,10387,3,2,4032,5,87,2026-03-14,Paid,Store,Customer 87,customer87@example.com,Hyderabad,Telangana,2026-07-19,Standard,Product 3,Sports,Cobalt,291.0,433.59,8064,403.20000000000005,7660.8,582.0,7078.8,92.4
20888,10388,10,3,4169,10,88,2026-04-19,Shipped,Web,Customer 88,customer88@example.com,Mumbai,Maharashtra,2026-08-22,Premium,Product 10,Fashion,Evergreen,550.0,775.5,12507,1250.7,11256.3,1650.0,9606.3,85.34
20889,10389,17,4,4306,15,89,2026-05-24,Delivered,Mobile,Customer 89,customer89@example.com,Pune,Maharashtra,2026-01-25,Corporate,Product 17,Home,BluePeak,809.0,1075.97,17224,2583.6,14640.4,3236.0,11404.4,77.9
20891,10391,31,1,4580,0,91,2026-07-07,Placed,Web,Customer 91,customer91@example.com,Chennai,Tamil Nadu,2026-03-04,Premium,Product 31,Electronics,Aster,1327.0,1977.23,4580,0.0,4580.0,1327.0,3253.0,71.03
20892,10392,38,2,4717,5,92,2026-08-12,Paid,Mobile,Customer 92,customer92@example.com,Bengaluru,Karnataka,2026-04-07,Corporate,Product 38,Sports,Cobalt,1586.0,2236.26,9434,471.70000000000005,8962.3,3172.0,5790.299999999999,64.61
20893,10393,45,3,4854,10,93,2026-01-17,Shipped,Store,Customer 93,customer93@example.com,Hyderabad,Telangana,2026-05-10,Standard,Product 45,Fashion,Evergreen,1845.0,2453.85,14562,1456.2,13105.8,5535.0,7570.799999999999,57.77
20894,10394,2,4,4991,15,94,2026-02-22,Delivered,Web,Customer 94,customer94@example.com,Mumbai,Maharashtra,2026-06-13,Premium,Product 2,Home,BluePeak,254.0,358.14,19964,2994.6,16969.4,1016.0,15953.400000000001,94.01
20896,10396,16,1,5265,0,96,2026-04-05,Placed,Store,Customer 96,customer96@example.com,Kochi,Kerala,2026-08-19,Standard,Product 16,Electronics,Aster,772.0,965.0,5265,0.0,5265.0,772.0,4493.0,85.34
20897,10397,23,2,5402,5,97,2026-05-10,Paid,Web,Customer 97,customer97@example.com,Chennai,Tamil Nadu,2026-01-22,Premium,Product 23,Sports,Cobalt,1031.0,1536.19,10804,540.2,10263.8,2062.0,8201.8,79.91
20898,10398,30,3,5539,10,98,2026-06-15,Shipped,Mobile,Customer 98,customer98@example.com,Bengaluru,Karnataka,2026-02-25,Corporate,Product 30,Fashion,Evergreen,1290.0,1818.9,16617,1661.7,14955.3,3870.0,11085.3,74.12
20899,10399,37,4,5676,15,99,2026-07-20,Delivered,Store,Customer 99,customer99@example.com,Hyderabad,Telangana,2026-03-01,Standard,Product 37,Home,BluePeak,1549.0,2060.17,22704,3405.6,19298.4,6196.0,13102.400000000001,67.89
20901,10401,1,1,5950,0,1,2026-01-03,Placed,Mobile,Customer 1,customer1@example.com,Chennai,Tamil Nadu,2026-01-04,Premium,Product 1,Electronics,Aster,217.0,288.61,5950,0.0,5950.0,217.0,5733.0,96.35
20902,10402,8,2,6087,5,2,2026-02-08,Paid,Store,Customer 2,customer2@example.com,Bengaluru,Karnataka,2026-02-07,Corporate,Product 8,Sports,Cobalt,476.0,595.0,12174,608.7,11565.3,952.0,10613.3,91.77
20903,10403,15,3,6224,10,3,2026-03-13,Shipped,Web,Customer 3,customer3@example.com,Hyderabad,Telangana,2026-03-10,Standard,Product 15,Fashion,Evergreen,735.0,1095.15,18672,1867.2,16804.8,2205.0,14599.8,86.88
20904,10404,22,4,6361,15,4,2026-04-18,Delivered,Mobile,Customer 4,customer4@example.com,Mumbai,Maharashtra,2026-04-13,Premium,Product 22,Home,BluePeak,994.0,1401.54,25444,3816.6,21627.4,3976.0,17651.4,81.62
20906,10406,36,1,6635,0,6,2026-06-01,Placed,Web,Customer 6,customer6@example.com,Kochi,Kerala,2026-06-19,Standard,Product 36,Electronics,Aster,1512.0,1890.0,6635,0.0,6635.0,1512.0,5123.0,77.21
20907,10407,43,2,572,5,7,2026-07-06,Paid,Mobile,Customer 7,customer7@example.com,Chennai,Tamil Nadu,2026-07-22,Premium,Product 43,Sports,Cobalt,1771.0,2638.79,1144,57.2,1086.8,3542.0,-2455.2,-225.91
20908,10408,50,3,709,10,8,2026-08-11,Shipped,Store,Customer 8,customer8@example.com,Bengaluru,Karnataka,2026-08-25,Corporate,Product 50,Fashion,Evergreen,2030.0,2862.3,2127,212.70000000000002,1914.3,6090.0,-4175.7,-218.13
20909,10409,7,4,846,15,9,2026-01-16,Delivered,Web,Customer 9,customer9@example.com,Hyderabad,Telangana,2026-01-01,Standard,Product 7,Home,BluePeak,439.0,654.11,3384,507.59999999999997,2876.4,1756.0,1120.4,38.95
20911,10411,21,1,1120,0,11,2026-03-26,Placed,Store,Customer 11,customer11@example.com,Pune,Maharashtra,2026-03-07,Corporate,Product 21,Electronics,Aster,957.0,1272.81,1120,0.0,1120.0,957.0,163.0,14.55
20912,10412,28,2,1257,5,12,2026-04-04,Paid,Web,Customer 12,customer12@example.com,Kochi,Kerala,2026-04-10,Standard,Product 28,Sports,Cobalt,1216.0,1520.0,2514,125.7,2388.3,2432.0,-43.69999999999982,-1.83
20913,10413,35,3,1394,10,13,2026-05-09,Shipped,Mobile,Customer 13,customer13@example.com,Chennai,Tamil Nadu,2026-05-13,Premium,Product 35,Fashion,Evergreen,1475.0,2197.75,4182,418.20000000000005,3763.8,4425.0,-661.1999999999998,-17.57
20914,10414,42,4,1531,15,14,2026-06-14,Delivered,Store,Customer 14,customer14@example.com,Bengaluru,Karnataka,2026-06-16,Corporate,Product 42,Home,BluePeak,1734.0,2444.94,6124,918.6,5205.4,6936.0,-1730.6000000000004,-33.25
20916,10416,6,1,1805,0,16,2026-08-24,Placed,Mobile,Customer 16,customer16@example.com,Mumbai,Maharashtra,2026-08-22,Premium,Product 6,Electronics,Aster,402.0,566.82,1805,0.0,1805.0,402.0,1403.0,77.73
20917,10417,13,2,1942,5,17,2026-01-02,Paid,Store,Customer 17,customer17@example.com,Pune,Maharashtra,2026-01-25,Corporate,Product 13,Sports,Cobalt,661.0,879.13,3884,194.20000000000002,3689.8,1322.0,2367.8,64.17
20918,10418,20,3,2079,10,18,2026-02-07,Shipped,Web,Customer 18,customer18@example.com,Kochi,Kerala,2026-02-01,Standard,Product 20,Fashion,Evergreen,920.0,1150.0,6237,623.7,5613.3,2760.0,2853.3,50.83
20919,10419,27,4,2216,15,19,2026-03-12,Delivered,Mobile,Customer 19,customer19@example.com,Chennai,Tamil Nadu,2026-03-04,Premium,Product 27,Home,BluePeak,1179.0,1756.71,8864,1329.6,7534.4,4716.0,2818.3999999999996,37.41
20921,10421,41,1,2490,0,21,2026-05-22,Placed,Web,Customer 21,customer21@example.com,Hyderabad,Telangana,2026-05-10,Standard,Product 41,Electronics,Aster,1697.0,2257.01,2490,0.0,2490.0,1697.0,793.0,31.85
20922,10422,48,2,2627,5,22,2026-06-27,Paid,Mobile,Customer 22,customer22@example.com,Mumbai,Maharashtra,2026-06-13,Premium,Product 48,Sports,Cobalt,1956.0,2445.0,5254,262.7,4991.3,3912.0,1079.3000000000002,21.62
20923,10423,5,3,2764,10,23,2026-07-05,Shipped,Store,Customer 23,customer23@example.com,Pune,Maharashtra,2026-07-16,Corporate,Product 5,Fashion,Evergreen,365.0,485.45,8292,829.2,7462.8,1095.0,6367.8,85.33
20924,10424,12,4,2901,15,24,2026-08-10,Delivered,Web,Customer 24,customer24@example.com,Kochi,Kerala,2026-08-19,Standard,Product 12,Home,BluePeak,624.0,780.0,11604,1740.6,9863.4,2496.0,7367.4,74.69
20926,10426,26,1,3175,0,26,2026-02-20,Placed,Store,Customer 26,customer26@example.com,Bengaluru,Karnataka,2026-02-25,Corporate,Product 26,Electronics,Aster,1142.0,1610.22,3175,0.0,3175.0,1142.0,2033.0,64.03
20927,10427,33,2,3312,5,27,2026-03-25,Paid,Web,Customer 27,customer27@example.com,Hyderabad,Telangana,2026-03-01,Standard,Product 33,Sports,Cobalt,1401.0,1863.33,6624,331.20000000000005,6292.8,2802.0,3490.8,55.47
20928,10428,40,3,3449,10,28,2026-04-03,Shipped,Mobile,Customer 28,customer28@example.com,Mumbai,Maharashtra,2026-04-04,Premium,Product 40,Fashion,Evergreen,1660.0,2075.0,10347,1034.7,9312.3,4980.0,4332.299999999999,46.52
20929,10429,47,4,3586,15,29,2026-05-08,Delivered,Store,Customer 29,customer29@example.com,Pune,Maharashtra,2026-05-07,Corporate,Product 47,Home,BluePeak,1919.0,2859.31,14344,2151.6,12192.4,7676.0,4516.4,37.04
20931,10431,11,1,3860,0,31,2026-07-18,Placed,Mobile,Customer 31,customer31@example.com,Chennai,Tamil Nadu,2026-07-13,Premium,Product 11,Electronics,Aster,587.0,874.63,3860,0.0,3860.0,587.0,3273.0,84.79
20932,10432,18,2,3997,5,32,2026-08-23,Paid,Store,Customer 32,customer32@example.com,Bengaluru,Karnataka,2026-08-16,Corporate,Product 18,Sports,Cobalt,846.0,1192.86,7994,399.70000000000005,7594.3,1692.0,5902.3,77.72
20933,10433,25,3,4134,10,33,2026-01-01,Shipped,Web,Customer 33,customer33@example.com,Hyderabad,Telangana,2026-01-19,Standard,Product 25,Fashion,Evergreen,1105.0,1469.65,12402,1240.2,11161.8,3315.0,7846.799999999999,70.3
20934,10434,32,4,4271,15,34,2026-02-06,Delivered,Mobile,Customer 34,customer34@example.com,Mumbai,Maharashtra,2026-02-22,Premium,Product 32,Home,BluePeak,1364.0,1705.0,17084,2562.6,14521.4,5456.0,9065.4,62.43
20936,10436,46,1,4545,0,36,2026-04-16,Placed,Web,Customer 36,customer36@example.com,Kochi,Kerala,2026-04-01,Standard,Product 46,Electronics,Aster,1882.0,2653.62,4545,0.0,4545.0,1882.0,2663.0,58.59
20937,10437,3,2,4682,5,37,2026-05-21,Paid,Mobile,Customer 37,customer37@example.com,Chennai,Tamil Nadu,2026-05-04,Premium,Product 3,Sports,Cobalt,291.0,433.59,9364,468.20000000000005,8895.8,582.0,8313.8,93.46
20938,10438,10,3,4819,10,38,2026-06-26,Shipped,Store,Customer 38,customer38@example.com,Bengaluru,Karnataka,2026-06-07,Corporate,Product 10,Fashion,Evergreen,550.0,775.5,14457,1445.7,13011.3,1650.0,11361.3,87.32
20939,10439,17,4,4956,15,39,2026-07-04,Delivered,Web,Customer 39,customer39@example.com,Hyderabad,Telangana,2026-07-10,Standard,Product 17,Home,BluePeak,809.0,1075.97,19824,2973.6,16850.4,3236.0,13614.400000000001,80.8
20941,10441,31,1,5230,0,41,2026-01-14,Placed,Store,Customer 41,customer41@example.com,Pune,Maharashtra,2026-01-16,Corporate,Product 31,Electronics,Aster,1327.0,1977.23,5230,0.0,5230.0,1327.0,3903.0,74.63
20942,10442,38,2,5367,5,42,2026-02-19,Paid,Web,Customer 42,customer42@example.com,Kochi,Kerala,2026-02-19,Standard,Product 38,Sports,Cobalt,1586.0,2236.26,10734,536.7,10197.3,3172.0,7025.299999999999,68.89
20943,10443,45,3,5504,10,43,2026-03-24,Shipped,Mobile,Customer 43,customer43@example.com,Chennai,Tamil Nadu,2026-03-22,Premium,Product 45,Fashion,Evergreen,1845.0,2453.85,16512,1651.2,14860.8,5535.0,9325.8,62.75
20944,10444,2,4,5641,15,44,2026-04-02,Delivered,Store,Customer 44,customer44@example.com,Bengaluru,Karnataka,2026-04-25,Corporate,Product 2,Home,BluePeak,254.0,358.14,22564,3384.6,19179.4,1016.0,18163.4,94.7
20946,10446,16,1,5915,0,46,2026-06-12,Placed,Mobile,Customer 46,customer46@example.com,Mumbai,Maharashtra,2026-06-04,Premium,Product 16,Electronics,Aster,772.0,965.0,5915,0.0,5915.0,772.0,5143.0,86.95
20947,10447,23,2,6052,5,47,2026-07-17,Paid,Store,Customer 47,customer47@example.com,Pune,Maharashtra,2026-07-07,Corporate,Product 23,Sports,Cobalt,1031.0,1536.19,12104,605.2,11498.8,2062.0,9436.8,82.07
20948,10448,30,3,6189,10,48,2026-08-22,Shipped,Web,Customer 48,customer48@example.com,Kochi,Kerala,2026-08-10,Standard,Product 30,Fashion,Evergreen,1290.0,1818.9,18567,1856.7,16710.3,3870.0,12840.3,76.84
20949,10449,37,4,6326,15,49,2026-01-27,Delivered,Mobile,Customer 49,customer49@example.com,Chennai,Tamil Nadu,2026-01-13,Premium,Product 37,Home,BluePeak,1549.0,2060.17,25304,3795.6,21508.4,6196.0,15312.400000000001,71.19
20951,10451,1,1,6600,0,51,2026-03-10,Placed,Web,Customer 51,customer51@example.com,Hyderabad,Telangana,2026-03-19,Standard,Product 1,Electronics,Aster,217.0,288.61,6600,0.0,6600.0,217.0,6383.0,96.71
20952,10452,8,2,537,5,52,2026-04-15,Paid,Mobile,Customer 52,customer52@example.com,Mumbai,Maharashtra,2026-04-22,Premium,Product 8,Sports,Cobalt,476.0,595.0,1074,53.7,1020.3,952.0,68.29999999999995,6.69
20953,10453,15,3,674,10,53,2026-05-20,Shipped,Store,Customer 53,customer53@example.com,Pune,Maharashtra,2026-05-25,Corporate,Product 15,Fashion,Evergreen,735.0,1095.15,2022,202.20000000000002,1819.8,2205.0,-385.20000000000005,-21.17
20954,10454,22,4,811,15,54,2026-06-25,Delivered,Web,Customer 54,customer54@example.com,Kochi,Kerala,2026-06-01,Standard,Product 22,Home,BluePeak,994.0,1401.54,3244,486.59999999999997,2757.4,3976.0,-1218.6,-44.19
20956,10456,36,1,1085,0,56,2026-08-08,Placed,Store,Customer 56,customer56@example.com,Bengaluru,Karnataka,2026-08-07,Corporate,Product 36,Electronics,Aster,1512.0,1890.0,1085,0.0,1085.0,1512.0,-427.0,-39.35
20957,10457,43,2,1222,5,57,2026-01-13,Paid,Web,Customer 57,customer57@example.com,Hyderabad,Telangana,2026-01-10,Standard,Product 43,Sports,Cobalt,1771.0,2638.79,2444,122.2,2321.8,3542.0,-1220.1999999999998,-52.55
20958,10458,50,3,1359,10,58,2026-02-18,Shipped,Mobile,Customer 58,customer58@example.com,Mumbai,Maharashtra,2026-02-13,Premium,Product 50,Fashion,Evergreen,2030.0,2862.3,4077,407.70000000000005,3669.3,6090.0,-2420.7,-65.97
20959,10459,7,4,1496,15,59,2026-03-23,Delivered,Store,Customer 59,customer59@example.com,Pune,Maharashtra,2026-03-16,Corporate,Product 7,Home,BluePeak,439.0,654.11,5984,897.6,5086.4,1756.0,3330.3999999999996,65.48
20961,10461,21,1,1770,0,61,2026-05-06,Placed,Mobile,Customer 61,customer61@example.com,Chennai,Tamil Nadu,2026-05-22,Premium,Product 21,Electronics,Aster,957.0,1272.81,1770,0.0,1770.0,957.0,813.0,45.93
20962,10462,28,2,1907,5,62,2026-06-11,Paid,Store,Customer 62,customer62@example.com,Bengaluru,Karnataka,2026-06-25,Corporate,Product 28,Sports,Cobalt,1216.0,1520.0,3814,190.70000000000002,3623.3,2432.0,1191.3000000000002,32.88
20963,10463,35,3,2044,10,63,2026-07-16,Shipped,Web,Customer 63,customer63@example.com,Hyderabad,Telangana,2026-07-01,Standard,Product 35,Fashion,Evergreen,1475.0,2197.75,6132,613.2,5518.8,4425.0,1093.8000000000002,19.82
20964,10464,42,4,2181,15,64,2026-08-21,Delivered,Mobile,Customer 64,customer64@example.com,Mumbai,Maharashtra,2026-08-04,Premium,Product 42,Home,BluePeak,1734.0,2444.94,8724,1308.6,7415.4,6936.0,479.39999999999964,6.46
20966,10466,6,1,2455,0,66,2026-02-04,Placed,Web,Customer 66,customer66@example.com,Kochi,Kerala,2026-02-10,Standard,Product 6,Electronics,Aster,402.0,566.82,2455,0.0,2455.0,402.0,2053.0,83.63
20967,10467,13,2,2592,5,67,2026-03-09,Paid,Mobile,Customer 67,customer67@example.com,Chennai,Tamil Nadu,2026-03-13,Premium,Product 13,Sports,Cobalt,661.0,879.13,5184,259.2,4924.8,1322.0,3602.8,73.16
20968,10468,20,3,2729,10,68,2026-04-14,Shipped,Store,Customer 68,customer68@example.com,Bengaluru,Karnataka,2026-04-16,Corporate,Product 20,Fashion,Evergreen,920.0,1150.0,8187,818.7,7368.3,2760.0,4608.3,62.54
20969,10469,27,4,2866,15,69,2026-05-19,Delivered,Web,Customer 69,customer69@example.com,Hyderabad,Telangana,2026-05-19,Standard,Product 27,Home,BluePeak,1179.0,1756.71,11464,1719.6,9744.4,4716.0,5028.4,51.6
20971,10471,41,1,3140,0,71,2026-07-02,Placed,Store,Customer 71,customer71@example.com,Pune,Maharashtra,2026-07-25,Corporate,Product 41,Electronics,Aster,1697.0,2257.01,3140,0.0,3140.0,1697.0,1443.0,45.96
20972,10472,48,2,3277,5,72,2026-08-07,Paid,Web,Customer 72,customer72@example.com,Kochi,Kerala,2026-08-01,Standard,Product 48,Sports,Cobalt,1956.0,2445.0,6554,327.70000000000005,6226.3,3912.0,2314.3,37.17
20973,10473,5,3,3414,10,73,2026-01-12,Shipped,Mobile,Customer 73,customer73@example.com,Chennai,Tamil Nadu,2026-01-04,Premium,Product 5,Fashion,Evergreen,365.0,485.45,10242,1024.2,9217.8,1095.0,8122.799999999999,88.12
20974,10474,12,4,3551,15,74,2026-02-17,Delivered,Store,Customer 74,customer74@example.com,Bengaluru,Karnataka,2026-02-07,Corporate,Product 12,Home,BluePeak,624.0,780.0,14204,2130.6,12073.4,2496.0,9577.4,79.33
20976,10476,26,1,3825,0,76,2026-04-27,Placed,Mobile,Customer 76,customer76@example.com,Mumbai,Maharashtra,2026-04-13,Premium,Product 26,Electronics,Aster,1142.0,1610.22,3825,0.0,3825.0,1142.0,2683.0,70.14
20977,10477,33,2,3962,5,77,2026-05-05,Paid,Store,Customer 77,customer77@example.com,Pune,Maharashtra,2026-05-16,Corporate,Product 33,Sports,Cobalt,1401.0,1863.33,7924,396.20000000000005,7527.8,2802.0,4725.8,62.78
20978,10478,40,3,4099,10,78,2026-06-10,Shipped,Web,Customer 78,customer78@example.com,Kochi,Kerala,2026-06-19,Standard,Product 40,Fashion,Evergreen,1660.0,2075.0,12297,1229.7,11067.3,4980.0,6087.299999999999,55.0
20979,10479,47,4,4236,15,79,2026-07-15,Delivered,Mobile,Customer 79,customer79@example.com,Chennai,Tamil Nadu,2026-07-22,Premium,Product 47,Home,BluePeak,1919.0,2859.31,16944,2541.6,14402.4,7676.0,6726.4,46.7
20981,10481,11,1,4510,0,81,2026-01-25,Placed,Web,Customer 81,customer81@example.com,Hyderabad,Telangana,2026-01-01,Standard,Product 11,Electronics,Aster,587.0,874.63,4510,0.0,4510.0,587.0,3923.0,86.98
20982,10482,18,2,4647,5,82,2026-02-03,Paid,Mobile,Customer 82,customer82@example.com,Mumbai,Maharashtra,2026-02-04,Premium,Product 18,Sports,Cobalt,846.0,1192.86,9294,464.70000000000005,8829.3,1692.0,7137.299999999999,80.84
20983,10483,25,3,4784,10,83,2026-03-08,Shipped,Store,Customer 83,customer83@example.com,Pune,Maharashtra,2026-03-07,Corporate,Product 25,Fashion,Evergreen,1105.0,1469.65,14352,1435.2,12916.8,3315.0,9601.8,74.34
20984,10484,32,4,4921,15,84,2026-04-13,Delivered,Web,Customer 84,customer84@example.com,Kochi,Kerala,2026-04-10,Standard,Product 32,Home,BluePeak,1364.0,1705.0,19684,2952.6,16731.4,5456.0,11275.400000000001,67.39
20986,10486,46,1,5195,0,86,2026-06-23,Placed,Store,Customer 86,customer86@example.com,Bengaluru,Karnataka,2026-06-16,Corporate,Product 46,Electronics,Aster,1882.0,2653.62,5195,0.0,5195.0,1882.0,3313.0,63.77
20987,10487,3,2,5332,5,87,2026-07-01,Paid,Web,Customer 87,customer87@example.com,Hyderabad,Telangana,2026-07-19,Standard,Product 3,Sports,Cobalt,291.0,433.59,10664,533.2,10130.8,582.0,9548.8,94.26
20988,10488,10,3,5469,10,88,2026-08-06,Shipped,Mobile,Customer 88,customer88@example.com,Mumbai,Maharashtra,2026-08-22,Premium,Product 10,Fashion,Evergreen,550.0,775.5,16407,1640.7,14766.3,1650.0,13116.3,88.83
20989,10489,17,4,5606,15,89,2026-01-11,Delivered,Store,Customer 89,customer89@example.com,Pune,Maharashtra,2026-01-25,Corporate,Product 17,Home,BluePeak,809.0,1075.97,22424,3363.6,19060.4,3236.0,15824.400000000001,83.02
20991,10491,31,1,5880,0,91,2026-03-21,Placed,Mobile,Customer 91,customer91@example.com,Chennai,Tamil Nadu,2026-03-04,Premium,Product 31,Electronics,Aster,1327.0,1977.23,5880,0.0,5880.0,1327.0,4553.0,77.43
20992,10492,38,2,6017,5,92,2026-04-26,Paid,Store,Customer 92,customer92@example.com,Bengaluru,Karnataka,2026-04-07,Corporate,Product 38,Sports,Cobalt,1586.0,2236.26,12034,601.7,11432.3,3172.0,8260.3,72.25
20993,10493,45,3,6154,10,93,2026-05-04,Shipped,Web,Customer 93,customer93@example.com,Hyderabad,Telangana,2026-05-10,Standard,Product 45,Fashion,Evergreen,1845.0,2453.85,18462,1846.2,16615.8,5535.0,11080.8,66.69
20994,10494,2,4,6291,15,94,2026-06-09,Delivered,Mobile,Customer 94,customer94@example.com,Mumbai,Maharashtra,2026-06-13,Premium,Product 2,Home,BluePeak,254.0,358.14,25164,3774.6,21389.4,1016.0,20373.4,95.25
20996,10496,16,1,6565,0,96,2026-08-19,Placed,Web,Customer 96,customer96@example.com,Kochi,Kerala,2026-08-19,Standard,Product 16,Electronics,Aster,772.0,965.0,6565,0.0,6565.0,772.0,5793.0,88.24
20997,10497,23,2,502,5,97,2026-01-24,Paid,Mobile,Customer 97,customer97@example.com,Chennai,Tamil Nadu,2026-01-22,Premium,Product 23,Sports,Cobalt,1031.0,1536.19,1004,50.2,953.8,2062.0,-1108.2,-116.19
20998,10498,30,3,639,10,98,2026-02-02,Shipped,Store,Customer 98,customer98@example.com,Bengaluru,Karnataka,2026-02-25,Corporate,Product 30,Fashion,Evergreen,1290.0,1818.9,1917,191.70000000000002,1725.3,3870.0,-2144.7,-124.31
20999,10499,37,4,776,15,99,2026-03-07,Delivered,Web,Customer 99,customer99@example.com,Hyderabad,Telangana,2026-03-01,Standard,Product 37,Home,BluePeak,1549.0,2060.17,3104,465.59999999999997,2638.4,6196.0,-3557.6,-134.84
21001,10001,1,1,1050,0,1,2026-01-01,Placed,Web,Customer 1,customer1@example.com,Chennai,Tamil Nadu,2026-01-04,Premium,Product 1,Electronics,Aster,217.0,288.61,1050,0.0,1050.0,217.0,833.0,79.33
21002,10002,8,2,1187,5,2,2026-02-06,Paid,Mobile,Customer 2,customer2@example.com,Bengaluru,Karnataka,2026-02-07,Corporate,Product 8,Sports,Cobalt,476.0,595.0,2374,118.7,2255.3,952.0,1303.3000000000002,57.79
21003,10003,15,3,1324,10,3,2026-03-11,Shipped,Store,Customer 3,customer3@example.com,Hyderabad,Telangana,2026-03-10,Standard,Product 15,Fashion,Evergreen,735.0,1095.15,3972,397.20000000000005,3574.8,2205.0,1369.8000000000002,38.32
21004,10004,22,4,1461,15,4,2026-04-16,Delivered,Web,Customer 4,customer4@example.com,Mumbai,Maharashtra,2026-04-13,Premium,Product 22,Home,BluePeak,994.0,1401.54,5844,876.6,4967.4,3976.0,991.3999999999996,19.96
21006,10006,36,1,1735,0,6,2026-06-26,Placed,Store,Customer 6,customer6@example.com,Kochi,Kerala,2026-06-19,Standard,Product 36,Electronics,Aster,1512.0,1890.0,1735,0.0,1735.0,1512.0,223.0,12.85
21007,10007,43,2,1872,5,7,2026-07-04,Paid,Web,Customer 7,customer7@example.com,Chennai,Tamil Nadu,2026-07-22,Premium,Product 43,Sports,Cobalt,1771.0,2638.79,3744,187.20000000000002,3556.8,3542.0,14.800000000000182,0.42
21008,10008,50,3,2009,10,8,2026-08-09,Shipped,Mobile,Customer 8,customer8@example.com,Bengaluru,Karnataka,2026-08-25,Corporate,Product 50,Fashion,Evergreen,2030.0,2862.3,6027,602.7,5424.3,6090.0,-665.6999999999998,-12.27
21009,10009,7,4,2146,15,9,2026-01-14,Delivered,Store,Customer 9,customer9@example.com,Hyderabad,Telangana,2026-01-01,Standard,Product 7,Home,BluePeak,439.0,654.11,8584,1287.6,7296.4,1756.0,5540.4,75.93
21011,10011,21,1,2420,0,11,2026-03-24,Placed,Mobile,Customer 11,customer11@example.com,Pune,Maharashtra,2026-03-07,Corporate,Product 21,Electronics,Aster,957.0,1272.81,2420,0.0,2420.0,957.0,1463.0,60.45
21012,10012,28,2,2557,5,12,2026-04-02,Paid,Store,Customer 12,customer12@example.com,Kochi,Kerala,2026-04-10,Standard,Product 28,Sports,Cobalt,1216.0,1520.0,5114,255.70000000000002,4858.3,2432.0,2426.3,49.94
21013,10013,35,3,2694,10,13,2026-05-07,Shipped,Web,Customer 13,customer13@example.com,Chennai,Tamil Nadu,2026-05-13,Premium,Product 35,Fashion,Evergreen,1475.0,2197.75,8082,808.2,7273.8,4425.0,2848.8,39.17
21014,10014,42,4,2831,15,14,2026-06-12,Delivered,Mobile,Customer 14,customer14@example.com,Bengaluru,Karnataka,2026-06-16,Corporate,Product 42,Home,BluePeak,1734.0,2444.94,11324,1698.6,9625.4,6936.0,2689.3999999999996,27.94
21016,10016,6,1,3105,0,16,2026-08-22,Placed,Web,Customer 16,customer16@example.com,Mumbai,Maharashtra,2026-08-22,Premium,Product 6,Electronics,Aster,402.0,566.82,3105,0.0,3105.0,402.0,2703.0,87.05
21017,10017,13,2,3242,5,17,2026-01-27,Paid,Mobile,Customer 17,customer17@example.com,Pune,Maharashtra,2026-01-25,Corporate,Product 13,Sports,Cobalt,661.0,879.13,6484,324.20000000000005,6159.8,1322.0,4837.8,78.54
21018,10018,20,3,3379,10,18,2026-02-05,Shipped,Store,Customer 18,customer18@example.com,Kochi,Kerala,2026-02-01,Standard,Product 20,Fashion,Evergreen,920.0,1150.0,10137,1013.7,9123.3,2760.0,6363.299999999999,69.75
21019,10019,27,4,3516,15,19,2026-03-10,Delivered,Web,Customer 19,customer19@example.com,Chennai,Tamil Nadu,2026-03-04,Premium,Product 27,Home,BluePeak,1179.0,1756.71,14064,2109.6,11954.4,4716.0,7238.4,60.55
21021,10021,41,1,3790,0,21,2026-05-20,Placed,Store,Customer 21,customer21@example.com,Hyderabad,Telangana,2026-05-10,Standard,Product 41,Electronics,Aster,1697.0,2257.01,3790,0.0,3790.0,1697.0,2093.0,55.22
21022,10022,48,2,3927,5,22,2026-06-25,Paid,Web,Customer 22,customer22@example.com,Mumbai,Maharashtra,2026-06-13,Premium,Product 48,Sports,Cobalt,1956.0,2445.0,7854,392.70000000000005,7461.3,3912.0,3549.3,47.57
21023,10023,5,3,4064,10,23,2026-07-03,Shipped,Mobile,Customer 23,customer23@example.com,Pune,Maharashtra,2026-07-16,Corporate,Product 5,Fashion,Evergreen,365.0,485.45,12192,1219.2,10972.8,1095.0,9877.8,90.02
21024,10024,12,4,4201,15,24,2026-08-08,Delivered,Store,Customer 24,customer24@example.com,Kochi,Kerala,2026-08-19,Standard,Product 12,Home,BluePeak,624.0,780.0,16804,2520.6,14283.4,2496.0,11787.4,82.53
21026,10026,26,1,4475,0,26,2026-02-18,Placed,Mobile,Customer 26,customer26@example.com,Bengaluru,Karnataka,2026-02-25,Corporate,Product 26,Electronics,Aster,1142.0,1610.22,4475,0.0,4475.0,1142.0,3333.0,74.48
21027,10027,33,2,4612,5,27,2026-03-23,Paid,Store,Customer 27,customer27@example.com,Hyderabad,Telangana,2026-03-01,Standard,Product 33,Sports,Cobalt,1401.0,1863.33,9224,461.20000000000005,8762.8,2802.0,5960.799999999999,68.02
21028,10028,40,3,4749,10,28,2026-04-01,Shipped,Web,Customer 28,customer28@example.com,Mumbai,Maharashtra,2026-04-04,Premium,Product 40,Fashion,Evergreen,1660.0,2075.0,14247,1424.7,12822.3,4980.0,7842.299999999999,61.16
21029,10029,47,4,4886,15,29,2026-05-06,Delivered,Mobile,Customer 29,customer29@example.com,Pune,Maharashtra,2026-05-07,Corporate,Product 47,Home,BluePeak,1919.0,2859.31,19544,2931.6,16612.4,7676.0,8936.400000000001,53.79
21031,10031,11,1,5160,0,31,2026-07-16,Placed,Web,Customer 31,customer31@example.com,Chennai,Tamil Nadu,2026-07-13,Premium,Product 11,Electronics,Aster,587.0,874.63,5160,0.0,5160.0,587.0,4573.0,88.62
21032,10032,18,2,5297,5,32,2026-08-21,Paid,Mobile,Customer 32,customer32@example.com,Bengaluru,Karnataka,2026-08-16,Corporate,Product 18,Sports,Cobalt,846.0,1192.86,10594,529.7,10064.3,1692.0,8372.3,83.19
21033,10033,25,3,5434,10,33,2026-01-26,Shipped,Store,Customer 33,customer33@example.com,Hyderabad,Telangana,2026-01-19,Standard,Product 25,Fashion,Evergreen,1105.0,1469.65,16302,1630.2,14671.8,3315.0,11356.8,77.41
21034,10034,32,4,5571,15,34,2026-02-04,Delivered,Web,Customer 34,customer34@example.com,Mumbai,Maharashtra,2026-02-22,Premium,Product 32,Home,BluePeak,1364.0,1705.0,22284,3342.6,18941.4,5456.0,13485.400000000001,71.2
21036,10036,46,1,5845,0,36,2026-04-14,Placed,Store,Customer 36,customer36@example.com,Kochi,Kerala,2026-04-01,Standard,Product 46,Electronics,Aster,1882.0,2653.62,5845,0.0,5845.0,1882.0,3963.0,67.8
21037,10037,3,2,5982,5,37,2026-05-19,Paid,Web,Customer 37,customer37@example.com,Chennai,Tamil Nadu,2026-05-04,Premium,Product 3,Sports,Cobalt,291.0,433.59,11964,598.2,11365.8,582.0,10783.8,94.88
21038,10038,10,3,6119,10,38,2026-06-24,Shipped,Mobile,Customer 38,customer38@example.com,Bengaluru,Karnataka,2026-06-07,Corporate,Product 10,Fashion,Evergreen,550.0,775.5,18357,1835.7,16521.3,1650.0,14871.3,90.01
21039,10039,17,4,6256,15,39,2026-07-02,Delivered,Store,Customer 39,customer39@example.com,Hyderabad,Telangana,2026-07-10,Standard,Product 17,Home,BluePeak,809.0,1075.97,25024,3753.6,21270.4,3236.0,18034.4,84.79
21041,10041,31,1,6530,0,41,2026-01-12,Placed,Mobile,Customer 41,customer41@example.com,Pune,Maharashtra,2026-01-16,Corporate,Product 31,Electronics,Aster,1327.0,1977.23,6530,0.0,6530.0,1327.0,5203.0,79.68
21042,10042,38,2,467,5,42,2026-02-17,Paid,Store,Customer 42,customer42@example.com,Kochi,Kerala,2026-02-19,Standard,Product 38,Sports,Cobalt,1586.0,2236.26,934,46.7,887.3,3172.0,-2284.7,-257.49
21043,10043,45,3,604,10,43,2026-03-22,Shipped,Web,Customer 43,customer43@example.com,Chennai,Tamil Nadu,2026-03-22,Premium,Product 45,Fashion,Evergreen,1845.0,2453.85,1812,181.20000000000002,1630.8,5535.0,-3904.2,-239.4
21044,10044,2,4,741,15,44,2026-04-27,Delivered,Mobile,Customer 44,customer44@example.com,Bengaluru,Karnataka,2026-04-25,Corporate,Product 2,Home,BluePeak,254.0,358.14,2964,444.59999999999997,2519.4,1016.0,1503.4,59.67
21046,10046,16,1,1015,0,46,2026-06-10,Placed,Web,Customer 46,customer46@example.com,Mumbai,Maharashtra,2026-06-04,Premium,Product 16,Electronics,Aster,772.0,965.0,1015,0.0,1015.0,772.0,243.0,23.94
21047,10047,23,2,1152,5,47,2026-07-15,Paid,Mobile,Customer 47,customer47@example.com,Pune,Maharashtra,2026-07-07,Corporate,Product 23,Sports,Cobalt,1031.0,1536.19,2304,115.2,2188.8,2062.0,126.80000000000018,5.79
21048,10048,30,3,1289,10,48,2026-08-20,Shipped,Store,Customer 48,customer48@example.com,Kochi,Kerala,2026-08-10,Standard,Product 30,Fashion,Evergreen,1290.0,1818.9,3867,386.70000000000005,3480.3,3870.0,-389.6999999999998,-11.2
21049,10049,37,4,1426,15,49,2026-01-25,Delivered,Web,Customer 49,customer49@example.com,Chennai,Tamil Nadu,2026-01-13,Premium,Product 37,Home,BluePeak,1549.0,2060.17,5704,855.6,4848.4,6196.0,-1347.6000000000004,-27.79
21051,10051,1,1,1700,0,51,2026-03-08,Placed,Store,Customer 51,customer51@example.com,Hyderabad,Telangana,2026-03-19,Standard,Product 1,Electronics,Aster,217.0,288.61,1700,0.0,1700.0,217.0,1483.0,87.24
21052,10052,8,2,1837,5,52,2026-04-13,Paid,Web,Customer 52,customer52@example.com,Mumbai,Maharashtra,2026-04-22,Premium,Product 8,Sports,Cobalt,476.0,595.0,3674,183.70000000000002,3490.3,952.0,2538.3,72.72
21053,10053,15,3,1974,10,53,2026-05-18,Shipped,Mobile,Customer 53,customer53@example.com,Pune,Maharashtra,2026-05-25,Corporate,Product 15,Fashion,Evergreen,735.0,1095.15,5922,592.2,5329.8,2205.0,3124.8,58.63
21054,10054,22,4,2111,15,54,2026-06-23,Delivered,Store,Customer 54,customer54@example.com,Kochi,Kerala,2026-06-01,Standard,Product 22,Home,BluePeak,994.0,1401.54,8444,1266.6,7177.4,3976.0,3201.3999999999996,44.6
21056,10056,36,1,2385,0,56,2026-08-06,Placed,Mobile,Customer 56,customer56@example.com,Bengaluru,Karnataka,2026-08-07,Corporate,Product 36,Electronics,Aster,1512.0,1890.0,2385,0.0,2385.0,1512.0,873.0,36.6
21057,10057,43,2,2522,5,57,2026-01-11,Paid,Store,Customer 57,customer57@example.com,Hyderabad,Telangana,2026-01-10,Standard,Product 43,Sports,Cobalt,1771.0,2638.79,5044,252.20000000000002,4791.8,3542.0,1249.8000000000002,26.08
21058,10058,50,3,2659,10,58,2026-02-16,Shipped,Web,Customer 58,customer58@example.com,Mumbai,Maharashtra,2026-02-13,Premium,Product 50,Fashion,Evergreen,2030.0,2862.3,7977,797.7,7179.3,6090.0,1089.3000000000002,15.17
21059,10059,7,4,2796,15,59,2026-03-21,Delivered,Mobile,Customer 59,customer59@example.com,Pune,Maharashtra,2026-03-16,Corporate,Product 7,Home,BluePeak,439.0,654.11,11184,1677.6,9506.4,1756.0,7750.4,81.53
21061,10061,21,1,3070,0,61,2026-05-04,Placed,Web,Customer 61,customer61@example.com,Chennai,Tamil Nadu,2026-05-22,Premium,Product 21,Electronics,Aster,957.0,1272.81,3070,0.0,3070.0,957.0,2113.0,68.83
21062,10062,28,2,3207,5,62,2026-06-09,Paid,Mobile,Customer 62,customer62@example.com,Bengaluru,Karnataka,2026-06-25,Corporate,Product 28,Sports,Cobalt,1216.0,1520.0,6414,320.70000000000005,6093.3,2432.0,3661.3,60.09
21063,10063,35,3,3344,10,63,2026-07-14,Shipped,Store,Customer 63,customer63@example.com,Hyderabad,Telangana,2026-07-01,Standard,Product 35,Fashion,Evergreen,1475.0,2197.75,10032,1003.2,9028.8,4425.0,4603.799999999999,50.99
21064,10064,42,4,3481,15,64,2026-08-19,Delivered,Web,Customer 64,customer64@example.com,Mumbai,Maharashtra,2026-08-04,Premium,Product 42,Home,BluePeak,1734.0,2444.94,13924,2088.6,11835.4,6936.0,4899.4,41.4
21066,10066,6,1,3755,0,66,2026-02-02,Placed,Store,Customer 66,customer66@example.com,Kochi,Kerala,2026-02-10,Standard,Product 6,Electronics,Aster,402.0,566.82,3755,0.0,3755.0,402.0,3353.0,89.29
21067,10067,13,2,3892,5,67,2026-03-07,Paid,Web,Customer 67,customer67@example.com,Chennai,Tamil Nadu,2026-03-13,Premium,Product 13,Sports,Cobalt,661.0,879.13,7784,389.20000000000005,7394.8,1322.0,6072.8,82.12
21068,10068,20,3,4029,10,68,2026-04-12,Shipped,Mobile,Customer 68,customer68@example.com,Bengaluru,Karnataka,2026-04-16,Corporate,Product 20,Fashion,Evergreen,920.0,1150.0,12087,1208.7,10878.3,2760.0,8118.299999999999,74.63
21069,10069,27,4,4166,15,69,2026-05-17,Delivered,Store,Customer 69,customer69@example.com,Hyderabad,Telangana,2026-05-19,Standard,Product 27,Home,BluePeak,1179.0,1756.71,16664,2499.6,14164.4,4716.0,9448.4,66.71
21071,10071,41,1,4440,0,71,2026-07-27,Placed,Mobile,Customer 71,customer71@example.com,Pune,Maharashtra,2026-07-25,Corporate,Product 41,Electronics,Aster,1697.0,2257.01,4440,0.0,4440.0,1697.0,2743.0,61.78
21072,10072,48,2,4577,5,72,2026-08-05,Paid,Store,Customer 72,customer72@example.com,Kochi,Kerala,2026-08-01,Standard,Product 48,Sports,Cobalt,1956.0,2445.0,9154,457.70000000000005,8696.3,3912.0,4784.299999999999,55.02
21073,10073,5,3,4714,10,73,2026-01-10,Shipped,Web,Customer 73,customer73@example.com,Chennai,Tamil Nadu,2026-01-04,Premium,Product 5,Fashion,Evergreen,365.0,485.45,14142,1414.2,12727.8,1095.0,11632.8,91.4
21074,10074,12,4,4851,15,74,2026-02-15,Delivered,Mobile,Customer 74,customer74@example.com,Bengaluru,Karnataka,2026-02-07,Corporate,Product 12,Home,BluePeak,624.0,780.0,19404,2910.6,16493.4,2496.0,13997.400000000001,84.87
21076,10076,26,1,5125,0,76,2026-04-25,Placed,Web,Customer 76,customer76@example.com,Mumbai,Maharashtra,2026-04-13,Premium,Product 26,Electronics,Aster,1142.0,1610.22,5125,0.0,5125.0,1142.0,3983.0,77.72
21077,10077,33,2,5262,5,77,2026-05-03,Paid,Mobile,Customer 77,customer77@example.com,Pune,Maharashtra,2026-05-16,Corporate,Product 33,Sports,Cobalt,1401.0,1863.33,10524,526.2,9997.8,2802.0,7195.799999999999,71.97
21078,10078,40,3,5399,10,78,2026-06-08,Shipped,Store,Customer 78,customer78@example.com,Kochi,Kerala,2026-06-19,Standard,Product 40,Fashion,Evergreen,1660.0,2075.0,16197,1619.7,14577.3,4980.0,9597.3,65.84
21079,10079,47,4,5536,15,79,2026-07-13,Delivered,Web,Customer 79,customer79@example.com,Chennai,Tamil Nadu,2026-07-22,Premium,Product 47,Home,BluePeak,1919.0,2859.31,22144,3321.6,18822.4,7676.0,11146.400000000001,59.22
21081,10081,11,1,5810,0,81,2026-01-23,Placed,Store,Customer 81,customer81@example.com,Hyderabad,Telangana,2026-01-01,Standard,Product 11,Electronics,Aster,587.0,874.63,5810,0.0,5810.0,587.0,5223.0,89.9
21082,10082,18,2,5947,5,82,2026-02-01,Paid,Web,Customer 82,customer82@example.com,Mumbai,Maharashtra,2026-02-04,Premium,Product 18,Sports,Cobalt,846.0,1192.86,11894,594.7,11299.3,1692.0,9607.3,85.03
21083,10083,25,3,6084,10,83,2026-03-06,Shipped,Mobile,Customer 83,customer83@example.com,Pune,Maharashtra,2026-03-07,Corporate,Product 25,Fashion,Evergreen,1105.0,1469.65,18252,1825.2,16426.8,3315.0,13111.8,79.82
21084,10084,32,4,6221,15,84,2026-04-11,Delivered,Store,Customer 84,customer84@example.com,Kochi,Kerala,2026-04-10,Standard,Product 32,Home,BluePeak,1364.0,1705.0,24884,3732.6,21151.4,5456.0,15695.400000000001,74.21
21086,10086,46,1,6495,0,86,2026-06-21,Placed,Mobile,Customer 86,customer86@example.com,Bengaluru,Karnataka,2026-06-16,Corporate,Product 46,Electronics,Aster,1882.0,2653.62,6495,0.0,6495.0,1882.0,4613.0,71.02
21087,10087,3,2,6632,5,87,2026-07-26,Paid,Store,Customer 87,customer87@example.com,Hyderabad,Telangana,2026-07-19,Standard,Product 3,Sports,Cobalt,291.0,433.59,13264,663.2,12600.8,582.0,12018.8,95.38
21088,10088,10,3,569,10,88,2026-08-04,Shipped,Web,Customer 88,customer88@example.com,Mumbai,Maharashtra,2026-08-22,Premium,Product 10,Fashion,Evergreen,550.0,775.5,1707,170.70000000000002,1536.3,1650.0,-113.70000000000005,-7.4
21089,10089,17,4,706,15,89,2026-01-09,Delivered,Mobile,Customer 89,customer89@example.com,Pune,Maharashtra,2026-01-25,Corporate,Product 17,Home,BluePeak,809.0,1075.97,2824,423.59999999999997,2400.4,3236.0,-835.5999999999999,-34.81
21091,10091,31,1,980,0,91,2026-03-19,Placed,Web,Customer 91,customer91@example.com,Chennai,Tamil Nadu,2026-03-04,Premium,Product 31,Electronics,Aster,1327.0,1977.23,980,0.0,980.0,1327.0,-347.0,-35.41
21092,10092,38,2,1117,5,92,2026-04-24,Paid,Mobile,Customer 92,customer92@example.com,Bengaluru,Karnataka,2026-04-07,Corporate,Product 38,Sports,Cobalt,1586.0,2236.26,2234,111.7,2122.3,3172.0,-1049.6999999999998,-49.46
21093,10093,45,3,1254,10,93,2026-05-02,Shipped,Store,Customer 93,customer93@example.com,Hyderabad,Telangana,2026-05-10,Standard,Product 45,Fashion,Evergreen,1845.0,2453.85,3762,376.20000000000005,3385.8,5535.0,-2149.2,-63.48
21094,10094,2,4,1391,15,94,2026-06-07,Delivered,Web,Customer 94,customer94@example.com,Mumbai,Maharashtra,2026-06-13,Premium,Product 2,Home,BluePeak,254.0,358.14,5564,834.6,4729.4,1016.0,3713.3999999999996,78.52
21096,10096,16,1,1665,0,96,2026-08-17,Placed,Store,Customer 96,customer96@example.com,Kochi,Kerala,2026-08-19,Standard,Product 16,Electronics,Aster,772.0,965.0,1665,0.0,1665.0,772.0,893.0,53.63
21097,10097,23,2,1802,5,97,2026-01-22,Paid,Web,Customer 97,customer97@example.com,Chennai,Tamil Nadu,2026-01-22,Premium,Product 23,Sports,Cobalt,1031.0,1536.19,3604,180.20000000000002,3423.8,2062.0,1361.8000000000002,39.77
21098,10098,30,3,1939,10,98,2026-02-27,Shipped,Mobile,Customer 98,customer98@example.com,Bengaluru,Karnataka,2026-02-25,Corporate,Product 30,Fashion,Evergreen,1290.0,1818.9,5817,581.7,5235.3,3870.0,1365.3000000000002,26.08
21099,10099,37,4,2076,15,99,2026-03-05,Delivered,Store,Customer 99,customer99@example.com,Hyderabad,Telangana,2026-03-01,Standard,Product 37,Home,BluePeak,1549.0,2060.17,8304,1245.6,7058.4,6196.0,862.3999999999996,12.22
21101,10101,1,1,2350,0,1,2026-05-15,Placed,Mobile,Customer 1,customer1@example.com,Chennai,Tamil Nadu,2026-01-04,Premium,Product 1,Electronics,Aster,217.0,288.61,2350,0.0,2350.0,217.0,2133.0,90.77
21102,10102,8,2,2487,5,2,2026-06-20,Paid,Store,Customer 2,customer2@example.com,Bengaluru,Karnataka,2026-02-07,Corporate,Product 8,Sports,Cobalt,476.0,595.0,4974,248.70000000000002,4725.3,952.0,3773.3,79.85
21103,10103,15,3,2624,10,3,2026-07-25,Shipped,Web,Customer 3,customer3@example.com,Hyderabad,Telangana,2026-03-10,Standard,Product 15,Fashion,Evergreen,735.0,1095.15,7872,787.2,7084.8,2205.0,4879.8,68.88
21104,10104,22,4,2761,15,4,2026-08-03,Delivered,Mobile,Customer 4,customer4@example.com,Mumbai,Maharashtra,2026-04-13,Premium,Product 22,Home,BluePeak,994.0,1401.54,11044,1656.6,9387.4,3976.0,5411.4,57.65
21106,10106,36,1,3035,0,6,2026-02-13,Placed,Web,Customer 6,customer6@example.com,Kochi,Kerala,2026-06-19,Standard,Product 36,Electronics,Aster,1512.0,1890.0,3035,0.0,3035.0,1512.0,1523.0,50.18
21107,10107,43,2,3172,5,7,2026-03-18,Paid,Mobile,Customer 7,customer7@example.com,Chennai,Tamil Nadu,2026-07-22,Premium,Product 43,Sports,Cobalt,1771.0,2638.79,6344,317.20000000000005,6026.8,3542.0,2484.8,41.23
21108,10108,50,3,3309,10,8,2026-04-23,Shipped,Store,Customer 8,customer8@example.com,Bengaluru,Karnataka,2026-08-25,Corporate,Product 50,Fashion,Evergreen,2030.0,2862.3,9927,992.7,8934.3,6090.0,2844.2999999999993,31.84
21109,10109,7,4,3446,15,9,2026-05-01,Delivered,Web,Customer 9,customer9@example.com,Hyderabad,Telangana,2026-01-01,Standard,Product 7,Home,BluePeak,439.0,654.11,13784,2067.6,11716.4,1756.0,9960.4,85.01
21111,10111,21,1,3720,0,11,2026-07-11,Placed,Store,Customer 11,customer11@example.com,Pune,Maharashtra,2026-03-07,Corporate,Product 21,Electronics,Aster,957.0,1272.81,3720,0.0,3720.0,957.0,2763.0,74.27
21112,10112,28,2,3857,5,12,2026-08-16,Paid,Web,Customer 12,customer12@example.com,Kochi,Kerala,2026-04-10,Standard,Product 28,Sports,Cobalt,1216.0,1520.0,7714,385.70000000000005,7328.3,2432.0,4896.3,66.81
21113,10113,35,3,3994,10,13,2026-01-21,Shipped,Mobile,Customer 13,customer13@example.com,Chennai,Tamil Nadu,2026-05-13,Premium,Product 35,Fashion,Evergreen,1475.0,2197.75,11982,1198.2,10783.8,4425.0,6358.799999999999,58.97
21114,10114,42,4,4131,15,14,2026-02-26,Delivered,Store,Customer 14,customer14@example.com,Bengaluru,Karnataka,2026-06-16,Corporate,Product 42,Home,BluePeak,1734.0,2444.94,16524,2478.6,14045.4,6936.0,7109.4,50.62
21116,10116,6,1,4405,0,16,2026-04-09,Placed,Mobile,Customer 16,customer16@example.com,Mumbai,Maharashtra,2026-08-22,Premium,Product 6,Electronics,Aster,402.0,566.82,4405,0.0,4405.0,402.0,4003.0,90.87
21117,10117,13,2,4542,5,17,2026-05-14,Paid,Store,Customer 17,customer17@example.com,Pune,Maharashtra,2026-01-25,Corporate,Product 13,Sports,Cobalt,661.0,879.13,9084,454.20000000000005,8629.8,1322.0,7307.799999999999,84.68
21118,10118,20,3,4679,10,18,2026-06-19,Shipped,Web,Customer 18,customer18@example.com,Kochi,Kerala,2026-02-01,Standard,Product 20,Fashion,Evergreen,920.0,1150.0,14037,1403.7,12633.3,2760.0,9873.3,78.15
21119,10119,27,4,4816,15,19,2026-07-24,Delivered,Mobile,Customer 19,customer19@example.com,Chennai,Tamil Nadu,2026-03-04,Premium,Product 27,Home,BluePeak,1179.0,1756.71,19264,2889.6,16374.4,4716.0,11658.4,71.2
21121,10121,41,1,5090,0,21,2026-01-07,Placed,Web,Customer 21,customer21@example.com,Hyderabad,Telangana,2026-05-10,Standard,Product 41,Electronics,Aster,1697.0,2257.01,5090,0.0,5090.0,1697.0,3393.0,66.66
21122,10122,48,2,5227,5,22,2026-02-12,Paid,Mobile,Customer 22,customer22@example.com,Mumbai,Maharashtra,2026-06-13,Premium,Product 48,Sports,Cobalt,1956.0,2445.0,10454,522.7,9931.3,3912.0,6019.299999999999,60.61
21123,10123,5,3,5364,10,23,2026-03-17,Shipped,Store,Customer 23,customer23@example.com,Pune,Maharashtra,2026-07-16,Corporate,Product 5,Fashion,Evergreen,365.0,485.45,16092,1609.2,14482.8,1095.0,13387.8,92.44
21124,10124,12,4,5501,15,24,2026-04-22,Delivered,Web,Customer 24,customer24@example.com,Kochi,Kerala,2026-08-19,Standard,Product 12,Home,BluePeak,624.0,780.0,22004,3300.6,18703.4,2496.0,16207.400000000001,86.65
21126,10126,26,1,5775,0,26,2026-06-05,Placed,Store,Customer 26,customer26@example.com,Bengaluru,Karnataka,2026-02-25,Corporate,Product 26,Electronics,Aster,1142.0,1610.22,5775,0.0,5775.0,1142.0,4633.0,80.23
21127,10127,33,2,5912,5,27,2026-07-10,Paid,Web,Customer 27,customer27@example.com,Hyderabad,Telangana,2026-03-01,Standard,Product 33,Sports,Cobalt,1401.0,1863.33,11824,591.2,11232.8,2802.0,8430.8,75.06
21128,10128,40,3,6049,10,28,2026-08-15,Shipped,Mobile,Customer 28,customer28@example.com,Mumbai,Maharashtra,2026-04-04,Premium,Product 40,Fashion,Evergreen,1660.0,2075.0,18147,1814.7,16332.3,4980.0,11352.3,69.51
21129,10129,47,4,6186,15,29,2026-01-20,Delivered,Store,Customer 29,customer29@example.com,Pune,Maharashtra,2026-05-07,Corporate,Product 47,Home,BluePeak,1919.0,2859.31,24744,3711.6,21032.4,7676.0,13356.400000000001,63.5
21131,10131,11,1,6460,0,31,2026-03-03,Placed,Mobile,Customer 31,customer31@example.com,Chennai,Tamil Nadu,2026-07-13,Premium,Product 11,Electronics,Aster,587.0,874.63,6460,0.0,6460.0,587.0,5873.0,90.91
21132,10132,18,2,6597,5,32,2026-04-08,Paid,Store,Customer 32,customer32@example.com,Bengaluru,Karnataka,2026-08-16,Corporate,Product 18,Sports,Cobalt,846.0,1192.86,13194,659.7,12534.3,1692.0,10842.3,86.5
21133,10133,25,3,534,10,33,2026-05-13,Shipped,Web,Customer 33,customer33@example.com,Hyderabad,Telangana,2026-01-19,Standard,Product 25,Fashion,Evergreen,1105.0,1469.65,1602,160.20000000000002,1441.8,3315.0,-1873.2,-129.92
21134,10134,32,4,671,15,34,2026-06-18,Delivered,Mobile,Customer 34,customer34@example.com,Mumbai,Maharashtra,2026-02-22,Premium,Product 32,Home,BluePeak,1364.0,1705.0,2684,402.59999999999997,2281.4,5456.0,-3174.6,-139.15
21136,10136,46,1,945,0,36,2026-08-01,Placed,Web,Customer 36,customer36@example.com,Kochi,Kerala,2026-04-01,Standard,Product 46,Electronics,Aster,1882.0,2653.62,945,0.0,945.0,1882.0,-937.0,-99.15
21137,10137,3,2,1082,5,37,2026-01-06,Paid,Mobile,Customer 37,customer37@example.com,Chennai,Tamil Nadu,2026-05-04,Premium,Product 3,Sports,Cobalt,291.0,433.59,2164,108.2,2055.8,582.0,1473.8000000000002,71.69
21138,10138,10,3,1219,10,38,2026-02-11,Shipped,Store,Customer 38,customer38@example.com,Bengaluru,Karnataka,2026-06-07,Corporate,Product 10,Fashion,Evergreen,550.0,775.5,3657,365.70000000000005,3291.3,1650.0,1641.3000000000002,49.87
21139,10139,17,4,1356,15,39,2026-03-16,Delivered,Web,Customer 39,customer39@example.com,Hyderabad,Telangana,2026-07-10,Standard,Product 17,Home,BluePeak,809.0,1075.97,5424,813.6,4610.4,3236.0,1374.3999999999996,29.81
21141,10141,31,1,1630,0,41,2026-05-26,Placed,Store,Customer 41,customer41@example.com,Pune,Maharashtra,2026-01-16,Corporate,Product 31,Electronics,Aster,1327.0,1977.23,1630,0.0,1630.0,1327.0,303.0,18.59
21142,10142,38,2,1767,5,42,2026-06-04,Paid,Web,Customer 42,customer42@example.com,Kochi,Kerala,2026-02-19,Standard,Product 38,Sports,Cobalt,1586.0,2236.26,3534,176.70000000000002,3357.3,3172.0,185.30000000000018,5.52
21143,10143,45,3,1904,10,43,2026-07-09,Shipped,Mobile,Customer 43,customer43@example.com,Chennai,Tamil Nadu,2026-03-22,Premium,Product 45,Fashion,Evergreen,1845.0,2453.85,5712,571.2,5140.8,5535.0,-394.1999999999998,-7.67
21144,10144,2,4,2041,15,44,2026-08-14,Delivered,Store,Customer 44,customer44@example.com,Bengaluru,Karnataka,2026-04-25,Corporate,Product 2,Home,BluePeak,254.0,358.14,8164,1224.6,6939.4,1016.0,5923.4,85.36
21146,10146,16,1,2315,0,46,2026-02-24,Placed,Mobile,Customer 46,customer46@example.com,Mumbai,Maharashtra,2026-06-04,Premium,Product 16,Electronics,Aster,772.0,965.0,2315,0.0,2315.0,772.0,1543.0,66.65
21147,10147,23,2,2452,5,47,2026-03-02,Paid,Store,Customer 47,customer47@example.com,Pune,Maharashtra,2026-07-07,Corporate,Product 23,Sports,Cobalt,1031.0,1536.19,4904,245.20000000000002,4658.8,2062.0,2596.8,55.74
21148,10148,30,3,2589,10,48,2026-04-07,Shipped,Web,Customer 48,customer48@example.com,Kochi,Kerala,2026-08-10,Standard,Product 30,Fashion,Evergreen,1290.0,1818.9,7767,776.7,6990.3,3870.0,3120.3,44.64
21149,10149,37,4,2726,15,49,2026-05-12,Delivered,Mobile,Customer 49,customer49@example.com,Chennai,Tamil Nadu,2026-01-13,Premium,Product 37,Home,BluePeak,1549.0,2060.17,10904,1635.6,9268.4,6196.0,3072.3999999999996,33.15
21151,10151,1,1,3000,0,51,2026-07-22,Placed,Web,Customer 51,customer51@example.com,Hyderabad,Telangana,2026-03-19,Standard,Product 1,Electronics,Aster,217.0,288.61,3000,0.0,3000.0,217.0,2783.0,92.77
21152,10152,8,2,3137,5,52,2026-08-27,Paid,Mobile,Customer 52,customer52@example.com,Mumbai,Maharashtra,2026-04-22,Premium,Product 8,Sports,Cobalt,476.0,595.0,6274,313.70000000000005,5960.3,952.0,5008.3,84.03
21153,10153,15,3,3274,10,53,2026-01-05,Shipped,Store,Customer 53,customer53@example.com,Pune,Maharashtra,2026-05-25,Corporate,Product 15,Fashion,Evergreen,735.0,1095.15,9822,982.2,8839.8,2205.0,6634.799999999999,75.06
21154,10154,22,4,3411,15,54,2026-02-10,Delivered,Web,Customer 54,customer54@example.com,Kochi,Kerala,2026-06-01,Standard,Product 22,Home,BluePeak,994.0,1401.54,13644,2046.6,11597.4,3976.0,7621.4,65.72
21156,10156,36,1,3685,0,56,2026-04-20,Placed,Store,Customer 56,customer56@example.com,Bengaluru,Karnataka,2026-08-07,Corporate,Product 36,Electronics,Aster,1512.0,1890.0,3685,0.0,3685.0,1512.0,2173.0,58.97
21157,10157,43,2,3822,5,57,2026-05-25,Paid,Web,Customer 57,customer57@example.com,Hyderabad,Telangana,2026-01-10,Standard,Product 43,Sports,Cobalt,1771.0,2638.79,7644,382.20000000000005,7261.8,3542.0,3719.8,51.22
21158,10158,50,3,3959,10,58,2026-06-03,Shipped,Mobile,Customer 58,customer58@example.com,Mumbai,Maharashtra,2026-02-13,Premium,Product 50,Fashion,Evergreen,2030.0,2862.3,11877,1187.7,10689.3,6090.0,4599.299999999999,43.03
21159,10159,7,4,4096,15,59,2026-07-08,Delivered,Store,Customer 59,customer59@example.com,Pune,Maharashtra,2026-03-16,Corporate,Product 7,Home,BluePeak,439.0,654.11,16384,2457.6,13926.4,1756.0,12170.4,87.39
21161,10161,21,1,4370,0,61,2026-01-18,Placed,Mobile,Customer 61,customer61@example.com,Chennai,Tamil Nadu,2026-05-22,Premium,Product 21,Electronics,Aster,957.0,1272.81,4370,0.0,4370.0,957.0,3413.0,78.1
21162,10162,28,2,4507,5,62,2026-02-23,Paid,Store,Customer 62,customer62@example.com,Bengaluru,Karnataka,2026-06-25,Corporate,Product 28,Sports,Cobalt,1216.0,1520.0,9014,450.70000000000005,8563.3,2432.0,6131.299999999999,71.6
21163,10163,35,3,4644,10,63,2026-03-01,Shipped,Web,Customer 63,customer63@example.com,Hyderabad,Telangana,2026-07-01,Standard,Product 35,Fashion,Evergreen,1475.0,2197.75,13932,1393.2,12538.8,4425.0,8113.799999999999,64.71
21164,10164,42,4,4781,15,64,2026-04-06,Delivered,Mobile,Customer 64,customer64@example.com,Mumbai,Maharashtra,2026-08-04,Premium,Product 42,Home,BluePeak,1734.0,2444.94,19124,2868.6,16255.4,6936.0,9319.4,57.33
21166,10166,6,1,5055,0,66,2026-06-16,Placed,Web,Customer 66,customer66@example.com,Kochi,Kerala,2026-02-10,Standard,Product 6,Electronics,Aster,402.0,566.82,5055,0.0,5055.0,402.0,4653.0,92.05
21167,10167,13,2,5192,5,67,2026-07-21,Paid,Mobile,Customer 67,customer67@example.com,Chennai,Tamil Nadu,2026-03-13,Premium,Product 13,Sports,Cobalt,661.0,879.13,10384,519.2,9864.8,1322.0,8542.8,86.6
21168,10168,20,3,5329,10,68,2026-08-26,Shipped,Store,Customer 68,customer68@example.com,Bengaluru,Karnataka,2026-04-16,Corporate,Product 20,Fashion,Evergreen,920.0,1150.0,15987,1598.7,14388.3,2760.0,11628.3,80.82
21169,10169,27,4,5466,15,69,2026-01-04,Delivered,Web,Customer 69,customer69@example.com,Hyderabad,Telangana,2026-05-19,Standard,Product 27,Home,BluePeak,1179.0,1756.71,21864,3279.6,18584.4,4716.0,13868.400000000001,74.62
21171,10171,41,1,5740,0,71,2026-03-14,Placed,Store,Customer 71,customer71@example.com,Pune,Maharashtra,2026-07-25,Corporate,Product 41,Electronics,Aster,1697.0,2257.01,5740,0.0,5740.0,1697.0,4043.0,70.44
21172,10172,48,2,5877,5,72,2026-04-19,Paid,Web,Customer 72,customer72@example.com,Kochi,Kerala,2026-08-01,Standard,Product 48,Sports,Cobalt,1956.0,2445.0,11754,587.7,11166.3,3912.0,7254.299999999999,64.97
21173,10173,5,3,6014,10,73,2026-05-24,Shipped,Mobile,Customer 73,customer73@example.com,Chennai,Tamil Nadu,2026-01-04,Premium,Product 5,Fashion,Evergreen,365.0,485.45,18042,1804.2,16237.8,1095.0,15142.8,93.26
21174,10174,12,4,6151,15,74,2026-06-02,Delivered,Store,Customer 74,customer74@example.com,Bengaluru,Karnataka,2026-02-07,Corporate,Product 12,Home,BluePeak,624.0,780.0,24604,3690.6,20913.4,2496.0,18417.4,88.07
21176,10176,26,1,6425,0,76,2026-08-12,Placed,Mobile,Customer 76,customer76@example.com,Mumbai,Maharashtra,2026-04-13,Premium,Product 26,Electronics,Aster,1142.0,1610.22,6425,0.0,6425.0,1142.0,5283.0,82.23
21177,10177,33,2,6562,5,77,2026-01-17,Paid,Store,Customer 77,customer77@example.com,Pune,Maharashtra,2026-05-16,Corporate,Product 33,Sports,Cobalt,1401.0,1863.33,13124,656.2,12467.8,2802.0,9665.8,77.53
21178,10178,40,3,499,10,78,2026-02-22,Shipped,Web,Customer 78,customer78@example.com,Kochi,Kerala,2026-06-19,Standard,Product 40,Fashion,Evergreen,1660.0,2075.0,1497,149.70000000000002,1347.3,4980.0,-3632.7,-269.63
21179,10179,47,4,636,15,79,2026-03-27,Delivered,Mobile,Customer 79,customer79@example.com,Chennai,Tamil Nadu,2026-07-22,Premium,Product 47,Home,BluePeak,1919.0,2859.31,2544,381.59999999999997,2162.4,7676.0,-5513.6,-254.98
21181,10181,11,1,910,0,81,2026-05-10,Placed,Web,Customer 81,customer81@example.com,Hyderabad,Telangana,2026-01-01,Standard,Product 11,Electronics,Aster,587.0,874.63,910,0.0,910.0,587.0,323.0,35.49
21182,10182,18,2,1047,5,82,2026-06-15,Paid,Mobile,Customer 82,customer82@example.com,Mumbai,Maharashtra,2026-02-04,Premium,Product 18,Sports,Cobalt,846.0,1192.86,2094,104.7,1989.3,1692.0,297.29999999999995,14.94
21183,10183,25,3,1184,10,83,2026-07-20,Shipped,Store,Customer 83,customer83@example.com,Pune,Maharashtra,2026-03-07,Corporate,Product 25,Fashion,Evergreen,1105.0,1469.65,3552,355.20000000000005,3196.8,3315.0,-118.19999999999982,-3.7
21184,10184,32,4,1321,15,84,2026-08-25,Delivered,Web,Customer 84,customer84@example.com,Kochi,Kerala,2026-04-10,Standard,Product 32,Home,BluePeak,1364.0,1705.0,5284,792.6,4491.4,5456.0,-964.6000000000004,-21.48
21186,10186,46,1,1595,0,86,2026-02-08,Placed,Store,Customer 86,customer86@example.com,Bengaluru,Karnataka,2026-06-16,Corporate,Product 46,Electronics,Aster,1882.0,2653.62,1595,0.0,1595.0,1882.0,-287.0,-17.99
21187,10187,3,2,1732,5,87,2026-03-13,Paid,Web,Customer 87,customer87@example.com,Hyderabad,Telangana,2026-07-19,Standard,Product 3,Sports,Cobalt,291.0,433.59,3464,173.20000000000002,3290.8,582.0,2708.8,82.31
21188,10188,10,3,1869,10,88,2026-04-18,Shipped,Mobile,Customer 88,customer88@example.com,Mumbai,Maharashtra,2026-08-22,Premium,Product 10,Fashion,Evergreen,550.0,775.5,5607,560.7,5046.3,1650.0,3396.3,67.3
21189,10189,17,4,2006,15,89,2026-05-23,Delivered,Store,Customer 89,customer89@example.com,Pune,Maharashtra,2026-01-25,Corporate,Product 17,Home,BluePeak,809.0,1075.97,8024,1203.6,6820.4,3236.0,3584.3999999999996,52.55
21191,10191,31,1,2280,0,91,2026-07-06,Placed,Mobile,Customer 91,customer91@example.com,Chennai,Tamil Nadu,2026-03-04,Premium,Product 31,Electronics,Aster,1327.0,1977.23,2280,0.0,2280.0,1327.0,953.0,41.8
21192,10192,38,2,2417,5,92,2026-08-11,Paid,Store,Customer 92,customer92@example.com,Bengaluru,Karnataka,2026-04-07,Corporate,Product 38,Sports,Cobalt,1586.0,2236.26,4834,241.70000000000002,4592.3,3172.0,1420.3000000000002,30.93
21193,10193,45,3,2554,10,93,2026-01-16,Shipped,Web,Customer 93,customer93@example.com,Hyderabad,Telangana,2026-05-10,Standard,Product 45,Fashion,Evergreen,1845.0,2453.85,7662,766.2,6895.8,5535.0,1360.8000000000002,19.73
21194,10194,2,4,2691,15,94,2026-02-21,Delivered,Mobile,Customer 94,customer94@example.com,Mumbai,Maharashtra,2026-06-13,Premium,Product 2,Home,BluePeak,254.0,358.14,10764,1614.6,9149.4,1016.0,8133.4,88.9
21196,10196,16,1,2965,0,96,2026-04-04,Placed,Web,Customer 96,customer96@example.com,Kochi,Kerala,2026-08-19,Standard,Product 16,Electronics,Aster,772.0,965.0,2965,0.0,2965.0,772.0,2193.0,73.96
21197,10197,23,2,3102,5,97,2026-05-09,Paid,Mobile,Customer 97,customer97@example.com,Chennai,Tamil Nadu,2026-01-22,Premium,Product 23,Sports,Cobalt,1031.0,1536.19,6204,310.20000000000005,5893.8,2062.0,3831.8,65.01
21198,10198,30,3,3239,10,98,2026-06-14,Shipped,Store,Customer 98,customer98@example.com,Bengaluru,Karnataka,2026-02-25,Corporate,Product 30,Fashion,Evergreen,1290.0,1818.9,9717,971.7,8745.3,3870.0,4875.299999999999,55.75
21199,10199,37,4,3376,15,99,2026-07-19,Delivered,Web,Customer 99,customer99@example.com,Hyderabad,Telangana,2026-03-01,Standard,Product 37,Home,BluePeak,1549.0,2060.17,13504,2025.6,11478.4,6196.0,5282.4,46.02
21201,10201,1,1,3650,0,1,2026-01-02,Placed,Store,Customer 1,customer1@example.com,Chennai,Tamil Nadu,2026-01-04,Premium,Product 1,Electronics,Aster,217.0,288.61,3650,0.0,3650.0,217.0,3433.0,94.05
21202,10202,8,2,3787,5,2,2026-02-07,Paid,Web,Customer 2,customer2@example.com,Bengaluru,Karnataka,2026-02-07,Corporate,Product 8,Sports,Cobalt,476.0,595.0,7574,378.70000000000005,7195.3,952.0,6243.3,86.77
21203,10203,15,3,3924,10,3,2026-03-12,Shipped,Mobile,Customer 3,customer3@example.com,Hyderabad,Telangana,2026-03-10,Standard,Product 15,Fashion,Evergreen,735.0,1095.15,11772,1177.2,10594.8,2205.0,8389.8,79.19
21204,10204,22,4,4061,15,4,2026-04-17,Delivered,Store,Customer 4,customer4@example.com,Mumbai,Maharashtra,2026-04-13,Premium,Product 22,Home,BluePeak,994.0,1401.54,16244,2436.6,13807.4,3976.0,9831.4,71.2
21206,10206,36,1,4335,0,6,2026-06-27,Placed,Mobile,Customer 6,customer6@example.com,Kochi,Kerala,2026-06-19,Standard,Product 36,Electronics,Aster,1512.0,1890.0,4335,0.0,4335.0,1512.0,2823.0,65.12
21207,10207,43,2,4472,5,7,2026-07-05,Paid,Store,Customer 7,customer7@example.com,Chennai,Tamil Nadu,2026-07-22,Premium,Product 43,Sports,Cobalt,1771.0,2638.79,8944,447.20000000000005,8496.8,3542.0,4954.799999999999,58.31
21208,10208,50,3,4609,10,8,2026-08-10,Shipped,Web,Customer 8,customer8@example.com,Bengaluru,Karnataka,2026-08-25,Corporate,Product 50,Fashion,Evergreen,2030.0,2862.3,13827,1382.7,12444.3,6090.0,6354.299999999999,51.06
21209,10209,7,4,4746,15,9,2026-01-15,Delivered,Mobile,Customer 9,customer9@example.com,Hyderabad,Telangana,2026-01-01,Standard,Product 7,Home,BluePeak,439.0,654.11,18984,2847.6,16136.4,1756.0,14380.4,89.12
21211,10211,21,1,5020,0,11,2026-03-25,Placed,Web,Customer 11,customer11@example.com,Pune,Maharashtra,2026-03-07,Corporate,Product 21,Electronics,Aster,957.0,1272.81,5020,0.0,5020.0,957.0,4063.0,80.94
21212,10212,28,2,5157,5,12,2026-04-03,Paid,Mobile,Customer 12,customer12@example.com,Kochi,Kerala,2026-04-10,Standard,Product 28,Sports,Cobalt,1216.0,1520.0,10314,515.7,9798.3,2432.0,7366.299999999999,75.18
21213,10213,35,3,5294,10,13,2026-05-08,Shipped,Store,Customer 13,customer13@example.com,Chennai,Tamil Nadu,2026-05-13,Premium,Product 35,Fashion,Evergreen,1475.0,2197.75,15882,1588.2,14293.8,4425.0,9868.8,69.04
21214,10214,42,4,5431,15,14,2026-06-13,Delivered,Web,Customer 14,customer14@example.com,Bengaluru,Karnataka,2026-06-16,Corporate,Product 42,Home,BluePeak,1734.0,2444.94,21724,3258.6,18465.4,6936.0,11529.400000000001,62.44
21216,10216,6,1,5705,0,16,2026-08-23,Placed,Store,Customer 16,customer16@example.com,Mumbai,Maharashtra,2026-08-22,Premium,Product 6,Electronics,Aster,402.0,566.82,5705,0.0,5705.0,402.0,5303.0,92.95
21217,10217,13,2,5842,5,17,2026-01-01,Paid,Web,Customer 17,customer17@example.com,Pune,Maharashtra,2026-01-25,Corporate,Product 13,Sports,Cobalt,661.0,879.13,11684,584.2,11099.8,1322.0,9777.8,88.09
21218,10218,20,3,5979,10,18,2026-02-06,Shipped,Mobile,Customer 18,customer18@example.com,Kochi,Kerala,2026-02-01,Standard,Product 20,Fashion,Evergreen,920.0,1150.0,17937,1793.7,16143.3,2760.0,13383.3,82.9
21219,10219,27,4,6116,15,19,2026-03-11,Delivered,Store,Customer 19,customer19@example.com,Chennai,Tamil Nadu,2026-03-04,Premium,Product 27,Home,BluePeak,1179.0,1756.71,24464,3669.6,20794.4,4716.0,16078.400000000001,77.32
21221,10221,41,1,6390,0,21,2026-05-21,Placed,Mobile,Customer 21,customer21@example.com,Hyderabad,Telangana,2026-05-10,Standard,Product 41,Electronics,Aster,1697.0,2257.01,6390,0.0,6390.0,1697.0,4693.0,73.44
21222,10222,48,2,6527,5,22,2026-06-26,Paid,Store,Customer 22,customer22@example.com,Mumbai,Maharashtra,2026-06-13,Premium,Product 48,Sports,Cobalt,1956.0,2445.0,13054,652.7,12401.3,3912.0,8489.3,68.45
21223,10223,5,3,464,10,23,2026-07-04,Shipped,Web,Customer 23,customer23@example.com,Pune,Maharashtra,2026-07-16,Corporate,Product 5,Fashion,Evergreen,365.0,485.45,1392,139.20000000000002,1252.8,1095.0,157.79999999999995,12.6
21224,10224,12,4,601,15,24,2026-08-09,Delivered,Mobile,Customer 24,customer24@example.com,Kochi,Kerala,2026-08-19,Standard,Product 12,Home,BluePeak,624.0,780.0,2404,360.59999999999997,2043.4,2496.0,-452.5999999999999,-22.15
21226,10226,26,1,875,0,26,2026-02-19,Placed,Web,Customer 26,customer26@example.com,Bengaluru,Karnataka,2026-02-25,Corporate,Product 26,Electronics,Aster,1142.0,1610.22,875,0.0,875.0,1142.0,-267.0,-30.51
21227,10227,33,2,1012,5,27,2026-03-24,Paid,Mobile,Customer 27,customer27@example.com,Hyderabad,Telangana,2026-03-01,Standard,Product 33,Sports,Cobalt,1401.0,1863.33,2024,101.2,1922.8,2802.0,-879.2,-45.72
21228,10228,40,3,1149,10,28,2026-04-02,Shipped,Store,Customer 28,customer28@example.com,Mumbai,Maharashtra,2026-04-04,Premium,Product 40,Fashion,Evergreen,1660.0,2075.0,3447,344.70000000000005,3102.3,4980.0,-1877.6999999999998,-60.53
21229,10229,47,4,1286,15,29,2026-05-07,Delivered,Web,Customer 29,customer29@example.com,Pune,Maharashtra,2026-05-07,Corporate,Product 47,Home,BluePeak,1919.0,2859.31,5144,771.6,4372.4,7676.0,-3303.6000000000004,-75.56
21231,10231,11,1,1560,0,31,2026-07-17,Placed,Store,Customer 31,customer31@example.com,Chennai,Tamil Nadu,2026-07-13,Premium,Product 11,Electronics,Aster,587.0,874.63,1560,0.0,1560.0,587.0,973.0,62.37
21232,10232,18,2,1697,5,32,2026-08-22,Paid,Web,Customer 32,customer32@example.com,Bengaluru,Karnataka,2026-08-16,Corporate,Product 18,Sports,Cobalt,846.0,1192.86,3394,169.70000000000002,3224.3,1692.0,1532.3000000000002,47.52
21233,10233,25,3,1834,10,33,2026-01-27,Shipped,Mobile,Customer 33,customer33@example.com,Hyderabad,Telangana,2026-01-19,Standard,Product 25,Fashion,Evergreen,1105.0,1469.65,5502,550.2,4951.8,3315.0,1636.8000000000002,33.05
21234,10234,32,4,1971,15,34,2026-02-05,Delivered,Store,Customer 34,customer34@example.com,Mumbai,Maharashtra,2026-02-22,Premium,Product 32,Home,BluePeak,1364.0,1705.0,7884,1182.6,6701.4,5456.0,1245.3999999999996,18.58
21236,10236,46,1,2245,0,36,2026-04-15,Placed,Mobile,Customer 36,customer36@example.com,Kochi,Kerala,2026-04-01,Standard,Product 46,Electronics,Aster,1882.0,2653.62,2245,0.0,2245.0,1882.0,363.0,16.17
21237,10237,3,2,2382,5,37,2026-05-20,Paid,Store,Customer 37,customer37@example.com,Chennai,Tamil Nadu,2026-05-04,Premium,Product 3,Sports,Cobalt,291.0,433.59,4764,238.20000000000002,4525.8,582.0,3943.8,87.14
21238,10238,10,3,2519,10,38,2026-06-25,Shipped,Web,Customer 38,customer38@example.com,Bengaluru,Karnataka,2026-06-07,Corporate,Product 10,Fashion,Evergreen,550.0,775.5,7557,755.7,6801.3,1650.0,5151.3,75.74
21239,10239,17,4,2656,15,39,2026-07-03,Delivered,Mobile,Customer 39,customer39@example.com,Hyderabad,Telangana,2026-07-10,Standard,Product 17,Home,BluePeak,809.0,1075.97,10624,1593.6,9030.4,3236.0,5794.4,64.17
21241,10241,31,1,2930,0,41,2026-01-13,Placed,Web,Customer 41,customer41@example.com,Pune,Maharashtra,2026-01-16,Corporate,Product 31,Electronics,Aster,1327.0,1977.23,2930,0.0,2930.0,1327.0,1603.0,54.71
21242,10242,38,2,3067,5,42,2026-02-18,Paid,Mobile,Customer 42,customer42@example.com,Kochi,Kerala,2026-02-19,Standard,Product 38,Sports,Cobalt,1586.0,2236.26,6134,306.7,5827.3,3172.0,2655.3,45.57
21243,10243,45,3,3204,10,43,2026-03-23,Shipped,Store,Customer 43,customer43@example.com,Chennai,Tamil Nadu,2026-03-22,Premium,Product 45,Fashion,Evergreen,1845.0,2453.85,9612,961.2,8650.8,5535.0,3115.7999999999993,36.02
21244,10244,2,4,3341,15,44,2026-04-01,Delivered,Web,Customer 44,customer44@example.com,Bengaluru,Karnataka,2026-04-25,Corporate,Product 2,Home,BluePeak,254.0,358.14,13364,2004.6,11359.4,1016.0,10343.4,91.06
21246,10246,16,1,3615,0,46,2026-06-11,Placed,Store,Customer 46,customer46@example.com,Mumbai,Maharashtra,2026-06-04,Premium,Product 16,Electronics,Aster,772.0,965.0,3615,0.0,3615.0,772.0,2843.0,78.64
21247,10247,23,2,3752,5,47,2026-07-16,Paid,Web,Customer 47,customer47@example.com,Pune,Maharashtra,2026-07-07,Corporate,Product 23,Sports,Cobalt,1031.0,1536.19,7504,375.20000000000005,7128.8,2062.0,5066.8,71.08
21248,10248,30,3,3889,10,48,2026-08-21,Shipped,Mobile,Customer 48,customer48@example.com,Kochi,Kerala,2026-08-10,Standard,Product 30,Fashion,Evergreen,1290.0,1818.9,11667,1166.7,10500.3,3870.0,6630.299999999999,63.14
21249,10249,37,4,4026,15,49,2026-01-26,Delivered,Store,Customer 49,customer49@example.com,Chennai,Tamil Nadu,2026-01-13,Premium,Product 37,Home,BluePeak,1549.0,2060.17,16104,2415.6,13688.4,6196.0,7492.4,54.74
21251,10251,1,1,4300,0,51,2026-03-09,Placed,Mobile,Customer 51,customer51@example.com,Hyderabad,Telangana,2026-03-19,Standard,Product 1,Electronics,Aster,217.0,288.61,4300,0.0,4300.0,217.0,4083.0,94.95
21252,10252,8,2,4437,5,52,2026-04-14,Paid,Store,Customer 52,customer52@example.com,Mumbai,Maharashtra,2026-04-22,Premium,Product 8,Sports,Cobalt,476.0,595.0,8874,443.70000000000005,8430.3,952.0,7478.299999999999,88.71
21253,10253,15,3,4574,10,53,2026-05-19,Shipped,Web,Customer 53,customer53@example.com,Pune,Maharashtra,2026-05-25,Corporate,Product 15,Fashion,Evergreen,735.0,1095.15,13722,1372.2,12349.8,2205.0,10144.8,82.15
21254,10254,22,4,4711,15,54,2026-06-24,Delivered,Mobile,Customer 54,customer54@example.com,Kochi,Kerala,2026-06-01,Standard,Product 22,Home,BluePeak,994.0,1401.54,18844,2826.6,16017.4,3976.0,12041.4,75.18
21256,10256,36,1,4985,0,56,2026-08-07,Placed,Web,Customer 56,customer56@example.com,Bengaluru,Karnataka,2026-08-07,Corporate,Product 36,Electronics,Aster,1512.0,1890.0,4985,0.0,4985.0,1512.0,3473.0,69.67
21257,10257,43,2,5122,5,57,2026-01-12,Paid,Mobile,Customer 57,customer57@example.com,Hyderabad,Telangana,2026-01-10,Standard,Product 43,Sports,Cobalt,1771.0,2638.79,10244,512.2,9731.8,3542.0,6189.799999999999,63.6
21258,10258,50,3,5259,10,58,2026-02-17,Shipped,Store,Customer 58,customer58@example.com,Mumbai,Maharashtra,2026-02-13,Premium,Product 50,Fashion,Evergreen,2030.0,2862.3,15777,1577.7,14199.3,6090.0,8109.299999999999,57.11
21259,10259,7,4,5396,15,59,2026-03-22,Delivered,Web,Customer 59,customer59@example.com,Pune,Maharashtra,2026-03-16,Corporate,Product 7,Home,BluePeak,439.0,654.11,21584,3237.6,18346.4,1756.0,16590.4,90.43
21261,10261,21,1,5670,0,61,2026-05-05,Placed,Store,Customer 61,customer61@example.com,Chennai,Tamil Nadu,2026-05-22,Premium,Product 21,Electronics,Aster,957.0,1272.81,5670,0.0,5670.0,957.0,4713.0,83.12
21262,10262,28,2,5807,5,62,2026-06-10,Paid,Web,Customer 62,customer62@example.com,Bengaluru,Karnataka,2026-06-25,Corporate,Product 28,Sports,Cobalt,1216.0,1520.0,11614,580.7,11033.3,2432.0,8601.3,77.96
21263,10263,35,3,5944,10,63,2026-07-15,Shipped,Mobile,Customer 63,customer63@example.com,Hyderabad,Telangana,2026-07-01,Standard,Product 35,Fashion,Evergreen,1475.0,2197.75,17832,1783.2,16048.8,4425.0,11623.8,72.43
21264,10264,42,4,6081,15,64,2026-08-20,Delivered,Store,Customer 64,customer64@example.com,Mumbai,Maharashtra,2026-08-04,Premium,Product 42,Home,BluePeak,1734.0,2444.94,24324,3648.6,20675.4,6936.0,13739.400000000001,66.45
21266,10266,6,1,6355,0,66,2026-02-03,Placed,Mobile,Customer 66,customer66@example.com,Kochi,Kerala,2026-02-10,Standard,Product 6,Electronics,Aster,402.0,566.82,6355,0.0,6355.0,402.0,5953.0,93.67
21267,10267,13,2,6492,5,67,2026-03-08,Paid,Store,Customer 67,customer67@example.com,Chennai,Tamil Nadu,2026-03-13,Premium,Product 13,Sports,Cobalt,661.0,879.13,12984,649.2,12334.8,1322.0,11012.8,89.28
21268,10268,20,3,6629,10,68,2026-04-13,Shipped,Web,Customer 68,customer68@example.com,Bengaluru,Karnataka,2026-04-16,Corporate,Product 20,Fashion,Evergreen,920.0,1150.0,19887,1988.7,17898.3,2760.0,15138.3,84.58
21269,10269,27,4,566,15,69,2026-05-18,Delivered,Mobile,Customer 69,customer69@example.com,Hyderabad,Telangana,2026-05-19,Standard,Product 27,Home,BluePeak,1179.0,1756.71,2264,339.59999999999997,1924.4,4716.0,-2791.6,-145.06
21271,10271,41,1,840,0,71,2026-07-01,Placed,Web,Customer 71,customer71@example.com,Pune,Maharashtra,2026-07-25,Corporate,Product 41,Electronics,Aster,1697.0,2257.01,840,0.0,840.0,1697.0,-857.0,-102.02
21272,10272,48,2,977,5,72,2026-08-06,Paid,Mobile,Customer 72,customer72@example.com,Kochi,Kerala,2026-08-01,Standard,Product 48,Sports,Cobalt,1956.0,2445.0,1954,97.7,1856.3,3912.0,-2055.7,-110.74
21273,10273,5,3,1114,10,73,2026-01-11,Shipped,Store,Customer 73,customer73@example.com,Chennai,Tamil Nadu,2026-01-04,Premium,Product 5,Fashion,Evergreen,365.0,485.45,3342,334.20000000000005,3007.8,1095.0,1912.8000000000002,63.59
21274,10274,12,4,1251,15,74,2026-02-16,Delivered,Web,Customer 74,customer74@example.com,Bengaluru,Karnataka,2026-02-07,Corporate,Product 12,Home,BluePeak,624.0,780.0,5004,750.6,4253.4,2496.0,1757.3999999999996,41.32
21276,10276,26,1,1525,0,76,2026-04-26,Placed,Store,Customer 76,customer76@example.com,Mumbai,Maharashtra,2026-04-13,Premium,Product 26,Electronics,Aster,1142.0,1610.22,1525,0.0,1525.0,1142.0,383.0,25.11
21277,10277,33,2,1662,5,77,2026-05-04,Paid,Web,Customer 77,customer77@example.com,Pune,Maharashtra,2026-05-16,Corporate,Product 33,Sports,Cobalt,1401.0,1863.33,3324,166.20000000000002,3157.8,2802.0,355.8000000000002,11.27
21278,10278,40,3,1799,10,78,2026-06-09,Shipped,Mobile,Customer 78,customer78@example.com,Kochi,Kerala,2026-06-19,Standard,Product 40,Fashion,Evergreen,1660.0,2075.0,5397,539.7,4857.3,4980.0,-122.69999999999982,-2.53
21279,10279,47,4,1936,15,79,2026-07-14,Delivered,Store,Customer 79,customer79@example.com,Chennai,Tamil Nadu,2026-07-22,Premium,Product 47,Home,BluePeak,1919.0,2859.31,7744,1161.6,6582.4,7676.0,-1093.6000000000004,-16.61
21281,10281,11,1,2210,0,81,2026-01-24,Placed,Mobile,Customer 81,customer81@example.com,Hyderabad,Telangana,2026-01-01,Standard,Product 11,Electronics,Aster,587.0,874.63,2210,0.0,2210.0,587.0,1623.0,73.44
21282,10282,18,2,2347,5,82,2026-02-02,Paid,Store,Customer 82,customer82@example.com,Mumbai,Maharashtra,2026-02-04,Premium,Product 18,Sports,Cobalt,846.0,1192.86,4694,234.70000000000002,4459.3,1692.0,2767.3,62.06
21283,10283,25,3,2484,10,83,2026-03-07,Shipped,Web,Customer 83,customer83@example.com,Pune,Maharashtra,2026-03-07,Corporate,Product 25,Fashion,Evergreen,1105.0,1469.65,7452,745.2,6706.8,3315.0,3391.8,50.57
21284,10284,32,4,2621,15,84,2026-04-12,Delivered,Mobile,Customer 84,customer84@example.com,Kochi,Kerala,2026-04-10,Standard,Product 32,Home,BluePeak,1364.0,1705.0,10484,1572.6,8911.4,5456.0,3455.3999999999996,38.78
21286,10286,46,1,2895,0,86,2026-06-22,Placed,Web,Customer 86,customer86@example.com,Bengaluru,Karnataka,2026-06-16,Corporate,Product 46,Electronics,Aster,1882.0,2653.62,2895,0.0,2895.0,1882.0,1013.0,34.99
21287,10287,3,2,3032,5,87,2026-07-27,Paid,Mobile,Customer 87,customer87@example.com,Hyderabad,Telangana,2026-07-19,Standard,Product 3,Sports,Cobalt,291.0,433.59,6064,303.2,5760.8,582.0,5178.8,89.9
21288,10288,10,3,3169,10,88,2026-08-05,Shipped,Store,Customer 88,customer88@example.com,Mumbai,Maharashtra,2026-08-22,Premium,Product 10,Fashion,Evergreen,550.0,775.5,9507,950.7,8556.3,1650.0,6906.299999999999,80.72
21289,10289,17,4,3306,15,89,2026-01-10,Delivered,Web,Customer 89,customer89@example.com,Pune,Maharashtra,2026-01-25,Corporate,Product 17,Home,BluePeak,809.0,1075.97,13224,1983.6,11240.4,3236.0,8004.4,71.21
21291,10291,31,1,3580,0,91,2026-03-20,Placed,Store,Customer 91,customer91@example.com,Chennai,Tamil Nadu,2026-03-04,Premium,Product 31,Electronics,Aster,1327.0,1977.23,3580,0.0,3580.0,1327.0,2253.0,62.93
21292,10292,38,2,3717,5,92,2026-04-25,Paid,Web,Customer 92,customer92@example.com,Bengaluru,Karnataka,2026-04-07,Corporate,Product 38,Sports,Cobalt,1586.0,2236.26,7434,371.70000000000005,7062.3,3172.0,3890.3,55.09
21293,10293,45,3,3854,10,93,2026-05-03,Shipped,Mobile,Customer 93,customer93@example.com,Hyderabad,Telangana,2026-05-10,Standard,Product 45,Fashion,Evergreen,1845.0,2453.85,11562,1156.2,10405.8,5535.0,4870.799999999999,46.81
21294,10294,2,4,3991,15,94,2026-06-08,Delivered,Store,Customer 94,customer94@example.com,Mumbai,Maharashtra,2026-06-13,Premium,Product 2,Home,BluePeak,254.0,358.14,15964,2394.6,13569.4,1016.0,12553.4,92.51
21296,10296,16,1,4265,0,96,2026-08-18,Placed,Mobile,Customer 96,customer96@example.com,Kochi,Kerala,2026-08-19,Standard,Product 16,Electronics,Aster,772.0,965.0,4265,0.0,4265.0,772.0,3493.0,81.9
21297,10297,23,2,4402,5,97,2026-01-23,Paid,Store,Customer 97,customer97@example.com,Chennai,Tamil Nadu,2026-01-22,Premium,Product 23,Sports,Cobalt,1031.0,1536.19,8804,440.20000000000005,8363.8,2062.0,6301.799999999999,75.35
21298,10298,30,3,4539,10,98,2026-02-01,Shipped,Web,Customer 98,customer98@example.com,Bengaluru,Karnataka,2026-02-25,Corporate,Product 30,Fashion,Evergreen,1290.0,1818.9,13617,1361.7,12255.3,3870.0,8385.3,68.42
21299,10299,37,4,4676,15,99,2026-03-06,Delivered,Mobile,Customer 99,customer99@example.com,Hyderabad,Telangana,2026-03-01,Standard,Product 37,Home,BluePeak,1549.0,2060.17,18704,2805.6,15898.4,6196.0,9702.4,61.03
21301,10301,1,1,4950,0,1,2026-05-16,Placed,Web,Customer 1,customer1@example.com,Chennai,Tamil Nadu,2026-01-04,Premium,Product 1,Electronics,Aster,217.0,288.61,4950,0.0,4950.0,217.0,4733.0,95.62
21302,10302,8,2,5087,5,2,2026-06-21,Paid,Mobile,Customer 2,customer2@example.com,Bengaluru,Karnataka,2026-02-07,Corporate,Product 8,Sports,Cobalt,476.0,595.0,10174,508.70000000000005,9665.3,952.0,8713.3,90.15
21303,10303,15,3,5224,10,3,2026-07-26,Shipped,Store,Customer 3,customer3@example.com,Hyderabad,Telangana,2026-03-10,Standard,Product 15,Fashion,Evergreen,735.0,1095.15,15672,1567.2,14104.8,2205.0,11899.8,84.37
21304,10304,22,4,5361,15,4,2026-08-04,Delivered,Web,Customer 4,customer4@example.com,Mumbai,Maharashtra,2026-04-13,Premium,Product 22,Home,BluePeak,994.0,1401.54,21444,3216.6,18227.4,3976.0,14251.400000000001,78.19
21306,10306,36,1,5635,0,6,2026-02-14,Placed,Store,Customer 6,customer6@example.com,Kochi,Kerala,2026-06-19,Standard,Product 36,Electronics,Aster,1512.0,1890.0,5635,0.0,5635.0,1512.0,4123.0,73.17
21307,10307,43,2,5772,5,7,2026-03-19,Paid,Web,Customer 7,customer7@example.com,Chennai,Tamil Nadu,2026-07-22,Premium,Product 43,Sports,Cobalt,1771.0,2638.79,11544,577.2,10966.8,3542.0,7424.799999999999,67.7
21308,10308,50,3,5909,10,8,2026-04-24,Shipped,Mobile,Customer 8,customer8@example.com,Bengaluru,Karnataka,2026-08-25,Corporate,Product 50,Fashion,Evergreen,2030.0,2862.3,17727,1772.7,15954.3,6090.0,9864.3,61.83
21309,10309,7,4,6046,15,9,2026-05-02,Delivered,Store,Customer 9,customer9@example.com,Hyderabad,Telangana,2026-01-01,Standard,Product 7,Home,BluePeak,439.0,654.11,24184,3627.6,20556.4,1756.0,18800.4,91.46
21311,10311,21,1,6320,0,11,2026-07-12,Placed,Mobile,Customer 11,customer11@example.com,Pune,Maharashtra,2026-03-07,Corporate,Product 21,Electronics,Aster,957.0,1272.81,6320,0.0,6320.0,957.0,5363.0,84.86
21312,10312,28,2,6457,5,12,2026-08-17,Paid,Store,Customer 12,customer12@example.com,Kochi,Kerala,2026-04-10,Standard,Product 28,Sports,Cobalt,1216.0,1520.0,12914,645.7,12268.3,2432.0,9836.3,80.18
21313,10313,35,3,6594,10,13,2026-01-22,Shipped,Web,Customer 13,customer13@example.com,Chennai,Tamil Nadu,2026-05-13,Premium,Product 35,Fashion,Evergreen,1475.0,2197.75,19782,1978.2,17803.8,4425.0,13378.8,75.15
21314,10314,42,4,531,15,14,2026-02-27,Delivered,Mobile,Customer 14,customer14@example.com,Bengaluru,Karnataka,2026-06-16,Corporate,Product 42,Home,BluePeak,1734.0,2444.94,2124,318.59999999999997,1805.4,6936.0,-5130.6,-284.18
21316,10316,6,1,805,0,16,2026-04-10,Placed,Web,Customer 16,customer16@example.com,Mumbai,Maharashtra,2026-08-22,Premium,Product 6,Electronics,Aster,402.0,566.82,805,0.0,805.0,402.0,403.0,50.06
21317,10317,13,2,942,5,17,2026-05-15,Paid,Mobile,Customer 17,customer17@example.com,Pune,Maharashtra,2026-01-25,Corporate,Product 13,Sports,Cobalt,661.0,879.13,1884,94.2,1789.8,1322.0,467.79999999999995,26.14
21318,10318,20,3,1079,10,18,2026-06-20,Shipped,Store,Customer 18,customer18@example.com,Kochi,Kerala,2026-02-01,Standard,Product 20,Fashion,Evergreen,920.0,1150.0,3237,323.70000000000005,2913.3,2760.0,153.30000000000018,5.26
21319,10319,27,4,1216,15,19,2026-07-25,Delivered,Web,Customer 19,customer19@example.com,Chennai,Tamil Nadu,2026-03-04,Premium,Product 27,Home,BluePeak,1179.0,1756.71,4864,729.6,4134.4,4716.0,-581.6000000000004,-14.07
21321,10321,41,1,1490,0,21,2026-01-08,Placed,Store,Customer 21,customer21@example.com,Hyderabad,Telangana,2026-05-10,Standard,Product 41,Electronics,Aster,1697.0,2257.01,1490,0.0,1490.0,1697.0,-207.0,-13.89
21322,10322,48,2,1627,5,22,2026-02-13,Paid,Web,Customer 22,customer22@example.com,Mumbai,Maharashtra,2026-06-13,Premium,Product 48,Sports,Cobalt,1956.0,2445.0,3254,162.70000000000002,3091.3,3912.0,-820.6999999999998,-26.55
21323,10323,5,3,1764,10,23,2026-03-18,Shipped,Mobile,Customer 23,customer23@example.com,Pune,Maharashtra,2026-07-16,Corporate,Product 5,Fashion,Evergreen,365.0,485.45,5292,529.2,4762.8,1095.0,3667.8,77.01
21324,10324,12,4,1901,15,24,2026-04-23,Delivered,Store,Customer 24,customer24@example.com,Kochi,Kerala,2026-08-19,Standard,Product 12,Home,BluePeak,624.0,780.0,7604,1140.6,6463.4,2496.0,3967.3999999999996,61.38
21326,10326,26,1,2175,0,26,2026-06-06,Placed,Mobile,Customer 26,customer26@example.com,Bengaluru,Karnataka,2026-02-25,Corporate,Product 26,Electronics,Aster,1142.0,1610.22,2175,0.0,2175.0,1142.0,1033.0,47.49
21327,10327,33,2,2312,5,27,2026-07-11,Paid,Store,Customer 27,customer27@example.com,Hyderabad,Telangana,2026-03-01,Standard,Product 33,Sports,Cobalt,1401.0,1863.33,4624,231.20000000000002,4392.8,2802.0,1590.8000000000002,36.21
21328,10328,40,3,2449,10,28,2026-08-16,Shipped,Web,Customer 28,customer28@example.com,Mumbai,Maharashtra,2026-04-04,Premium,Product 40,Fashion,Evergreen,1660.0,2075.0,7347,734.7,6612.3,4980.0,1632.3000000000002,24.69
21329,10329,47,4,2586,15,29,2026-01-21,Delivered,Mobile,Customer 29,customer29@example.com,Pune,Maharashtra,2026-05-07,Corporate,Product 47,Home,BluePeak,1919.0,2859.31,10344,1551.6,8792.4,7676.0,1116.3999999999996,12.7
21331,10331,11,1,2860,0,31,2026-03-04,Placed,Web,Customer 31,customer31@example.com,Chennai,Tamil Nadu,2026-07-13,Premium,Product 11,Electronics,Aster,587.0,874.63,2860,0.0,2860.0,587.0,2273.0,79.48
21332,10332,18,2,2997,5,32,2026-04-09,Paid,Mobile,Customer 32,customer32@example.com,Bengaluru,Karnataka,2026-08-16,Corporate,Product 18,Sports,Cobalt,846.0,1192.86,5994,299.7,5694.3,1692.0,4002.3,70.29
21333,10333,25,3,3134,10,33,2026-05-14,Shipped,Store,Customer 33,customer33@example.com,Hyderabad,Telangana,2026-01-19,Standard,Product 25,Fashion,Evergreen,1105.0,1469.65,9402,940.2,8461.8,3315.0,5146.799999999999,60.82
21334,10334,32,4,3271,15,34,2026-06-19,Delivered,Web,Customer 34,customer34@example.com,Mumbai,Maharashtra,2026-02-22,Premium,Product 32,Home,BluePeak,1364.0,1705.0,13084,1962.6,11121.4,5456.0,5665.4,50.94
21336,10336,46,1,3545,0,36,2026-08-02,Placed,Store,Customer 36,customer36@example.com,Kochi,Kerala,2026-04-01,Standard,Product 46,Electronics,Aster,1882.0,2653.62,3545,0.0,3545.0,1882.0,1663.0,46.91
21337,10337,3,2,3682,5,37,2026-01-07,Paid,Web,Customer 37,customer37@example.com,Chennai,Tamil Nadu,2026-05-04,Premium,Product 3,Sports,Cobalt,291.0,433.59,7364,368.20000000000005,6995.8,582.0,6413.8,91.68
21338,10338,10,3,3819,10,38,2026-02-12,Shipped,Mobile,Customer 38,customer38@example.com,Bengaluru,Karnataka,2026-06-07,Corporate,Product 10,Fashion,Evergreen,550.0,775.5,11457,1145.7,10311.3,1650.0,8661.3,84.0
21339,10339,17,4,3956,15,39,2026-03-17,Delivered,Store,Customer 39,customer39@example.com,Hyderabad,Telangana,2026-07-10,Standard,Product 17,Home,BluePeak,809.0,1075.97,15824,2373.6,13450.4,3236.0,10214.4,75.94
21341,10341,31,1,4230,0,41,2026-05-27,Placed,Mobile,Customer 41,customer41@example.com,Pune,Maharashtra,2026-01-16,Corporate,Product 31,Electronics,Aster,1327.0,1977.23,4230,0.0,4230.0,1327.0,2903.0,68.63
21342,10342,38,2,4367,5,42,2026-06-05,Paid,Store,Customer 42,customer42@example.com,Kochi,Kerala,2026-02-19,Standard,Product 38,Sports,Cobalt,1586.0,2236.26,8734,436.70000000000005,8297.3,3172.0,5125.299999999999,61.77
21343,10343,45,3,4504,10,43,2026-07-10,Shipped,Web,Customer 43,customer43@example.com,Chennai,Tamil Nadu,2026-03-22,Premium,Product 45,Fashion,Evergreen,1845.0,2453.85,13512,1351.2,12160.8,5535.0,6625.799999999999,54.48
21344,10344,2,4,4641,15,44,2026-08-15,Delivered,Mobile,Customer 44,customer44@example.com,Bengaluru,Karnataka,2026-04-25,Corporate,Product 2,Home,BluePeak,254.0,358.14,18564,2784.6,15779.4,1016.0,14763.4,93.56
21346,10346,16,1,4915,0,46,2026-02-25,Placed,Web,Customer 46,customer46@example.com,Mumbai,Maharashtra,2026-06-04,Premium,Product 16,Electronics,Aster,772.0,965.0,4915,0.0,4915.0,772.0,4143.0,84.29
21347,10347,23,2,5052,5,47,2026-03-03,Paid,Mobile,Customer 47,customer47@example.com,Pune,Maharashtra,2026-07-07,Corporate,Product 23,Sports,Cobalt,1031.0,1536.19,10104,505.20000000000005,9598.8,2062.0,7536.799999999999,78.52
21348,10348,30,3,5189,10,48,2026-04-08,Shipped,Store,Customer 48,customer48@example.com,Kochi,Kerala,2026-08-10,Standard,Product 30,Fashion,Evergreen,1290.0,1818.9,15567,1556.7,14010.3,3870.0,10140.3,72.38
21349,10349,37,4,5326,15,49,2026-05-13,Delivered,Web,Customer 49,customer49@example.com,Chennai,Tamil Nadu,2026-01-13,Premium,Product 37,Home,BluePeak,1549.0,2060.17,21304,3195.6,18108.4,6196.0,11912.400000000001,65.78
21351,10351,1,1,5600,0,51,2026-07-23,Placed,Store,Customer 51,customer51@example.com,Hyderabad,Telangana,2026-03-19,Standard,Product 1,Electronics,Aster,217.0,288.61,5600,0.0,5600.0,217.0,5383.0,96.12
21352,10352,8,2,5737,5,52,2026-08-01,Paid,Web,Customer 52,customer52@example.com,Mumbai,Maharashtra,2026-04-22,Premium,Product 8,Sports,Cobalt,476.0,595.0,11474,573.7,10900.3,952.0,9948.3,91.27
21353,10353,15,3,5874,10,53,2026-01-06,Shipped,Mobile,Customer 53,customer53@example.com,Pune,Maharashtra,2026-05-25,Corporate,Product 15,Fashion,Evergreen,735.0,1095.15,17622,1762.2,15859.8,2205.0,13654.8,86.1
21354,10354,22,4,6011,15,54,2026-02-11,Delivered,Store,Customer 54,customer54@example.com,Kochi,Kerala,2026-06-01,Standard,Product 22,Home,BluePeak,994.0,1401.54,24044,3606.6,20437.4,3976.0,16461.4,80.55
21356,10356,36,1,6285,0,56,2026-04-21,Placed,Mobile,Customer 56,customer56@example.com,Bengaluru,Karnataka,2026-08-07,Corporate,Product 36,Electronics,Aster,1512.0,1890.0,6285,0.0,6285.0,1512.0,4773.0,75.94
21357,10357,43,2,6422,5,57,2026-05-26,Paid,Store,Customer 57,customer57@example.com,Hyderabad,Telangana,2026-01-10,Standard,Product 43,Sports,Cobalt,1771.0,2638.79,12844,642.2,12201.8,3542.0,8659.8,70.97
21358,10358,50,3,6559,10,58,2026-06-04,Shipped,Web,Customer 58,customer58@example.com,Mumbai,Maharashtra,2026-02-13,Premium,Product 50,Fashion,Evergreen,2030.0,2862.3,19677,1967.7,17709.3,6090.0,11619.3,65.61
21359,10359,7,4,496,15,59,2026-07-09,Delivered,Mobile,Customer 59,customer59@example.com,Pune,Maharashtra,2026-03-16,Corporate,Product 7,Home,BluePeak,439.0,654.11,1984,297.59999999999997,1686.4,1756.0,-69.59999999999991,-4.13
21361,10361,21,1,770,0,61,2026-01-19,Placed,Web,Customer 61,customer61@example.com,Chennai,Tamil Nadu,2026-05-22,Premium,Product 21,Electronics,Aster,957.0,1272.81,770,0.0,770.0,957.0,-187.0,-24.29
21362,10362,28,2,907,5,62,2026-02-24,Paid,Mobile,Customer 62,customer62@example.com,Bengaluru,Karnataka,2026-06-25,Corporate,Product 28,Sports,Cobalt,1216.0,1520.0,1814,90.7,1723.3,2432.0,-708.7,-41.12
21363,10363,35,3,1044,10,63,2026-03-02,Shipped,Store,Customer 63,customer63@example.com,Hyderabad,Telangana,2026-07-01,Standard,Product 35,Fashion,Evergreen,1475.0,2197.75,3132,313.20000000000005,2818.8,4425.0,-1606.1999999999998,-56.98
21364,10364,42,4,1181,15,64,2026-04-07,Delivered,Web,Customer 64,customer64@example.com,Mumbai,Maharashtra,2026-08-04,Premium,Product 42,Home,BluePeak,1734.0,2444.94,4724,708.6,4015.4,6936.0,-2920.6,-72.73
21366,10366,6,1,1455,0,66,2026-06-17,Placed,Store,Customer 66,customer66@example.com,Kochi,Kerala,2026-02-10,Standard,Product 6,Electronics,Aster,402.0,566.82,1455,0.0,1455.0,402.0,1053.0,72.37
21367,10367,13,2,1592,5,67,2026-07-22,Paid,Web,Customer 67,customer67@example.com,Chennai,Tamil Nadu,2026-03-13,Premium,Product 13,Sports,Cobalt,661.0,879.13,3184,159.20000000000002,3024.8,1322.0,1702.8000000000002,56.29
21368,10368,20,3,1729,10,68,2026-08-27,Shipped,Mobile,Customer 68,customer68@example.com,Bengaluru,Karnataka,2026-04-16,Corporate,Product 20,Fashion,Evergreen,920.0,1150.0,5187,518.7,4668.3,2760.0,1908.3000000000002,40.88
21369,10369,27,4,1866,15,69,2026-01-05,Delivered,Store,Customer 69,customer69@example.com,Hyderabad,Telangana,2026-05-19,Standard,Product 27,Home,BluePeak,1179.0,1756.71,7464,1119.6,6344.4,4716.0,1628.3999999999996,25.67
21371,10371,41,1,2140,0,71,2026-03-15,Placed,Mobile,Customer 71,customer71@example.com,Pune,Maharashtra,2026-07-25,Corporate,Product 41,Electronics,Aster,1697.0,2257.01,2140,0.0,2140.0,1697.0,443.0,20.7
21372,10372,48,2,2277,5,72,2026-04-20,Paid,Store,Customer 72,customer72@example.com,Kochi,Kerala,2026-08-01,Standard,Product 48,Sports,Cobalt,1956.0,2445.0,4554,227.70000000000002,4326.3,3912.0,414.3000000000002,9.58
21373,10373,5,3,2414,10,73,2026-05-25,Shipped,Web,Customer 73,customer73@example.com,Chennai,Tamil Nadu,2026-01-04,Premium,Product 5,Fashion,Evergreen,365.0,485.45,7242,724.2,6517.8,1095.0,5422.8,83.2
21374,10374,12,4,2551,15,74,2026-06-03,Delivered,Mobile,Customer 74,customer74@example.com,Bengaluru,Karnataka,2026-02-07,Corporate,Product 12,Home,BluePeak,624.0,780.0,10204,1530.6,8673.4,2496.0,6177.4,71.22
21376,10376,26,1,2825,0,76,2026-08-13,Placed,Web,Customer 76,customer76@example.com,Mumbai,Maharashtra,2026-04-13,Premium,Product 26,Electronics,Aster,1142.0,1610.22,2825,0.0,2825.0,1142.0,1683.0,59.58
21377,10377,33,2,2962,5,77,2026-01-18,Paid,Mobile,Customer 77,customer77@example.com,Pune,Maharashtra,2026-05-16,Corporate,Product 33,Sports,Cobalt,1401.0,1863.33,5924,296.2,5627.8,2802.0,2825.8,50.21
21378,10378,40,3,3099,10,78,2026-02-23,Shipped,Store,Customer 78,customer78@example.com,Kochi,Kerala,2026-06-19,Standard,Product 40,Fashion,Evergreen,1660.0,2075.0,9297,929.7,8367.3,4980.0,3387.2999999999993,40.48
21379,10379,47,4,3236,15,79,2026-03-01,Delivered,Web,Customer 79,customer79@example.com,Chennai,Tamil Nadu,2026-07-22,Premium,Product 47,Home,BluePeak,1919.0,2859.31,12944,1941.6,11002.4,7676.0,3326.3999999999996,30.23
21381,10381,11,1,3510,0,81,2026-05-11,Placed,Store,Customer 81,customer81@example.com,Hyderabad,Telangana,2026-01-01,Standard,Product 11,Electronics,Aster,587.0,874.63,3510,0.0,3510.0,587.0,2923.0,83.28
21382,10382,18,2,3647,5,82,2026-06-16,Paid,Web,Customer 82,customer82@example.com,Mumbai,Maharashtra,2026-02-04,Premium,Product 18,Sports,Cobalt,846.0,1192.86,7294,364.70000000000005,6929.3,1692.0,5237.3,75.58
21383,10383,25,3,3784,10,83,2026-07-21,Shipped,Mobile,Customer 83,customer83@example.com,Pune,Maharashtra,2026-03-07,Corporate,Product 25,Fashion,Evergreen,1105.0,1469.65,11352,1135.2,10216.8,3315.0,6901.799999999999,67.55
21384,10384,32,4,3921,15,84,2026-08-26,Delivered,Store,Customer 84,customer84@example.com,Kochi,Kerala,2026-04-10,Standard,Product 32,Home,BluePeak,1364.0,1705.0,15684,2352.6,13331.4,5456.0,7875.4,59.07
21386,10386,46,1,4195,0,86,2026-02-09,Placed,Mobile,Customer 86,customer86@example.com,Bengaluru,Karnataka,2026-06-16,Corporate,Product 46,Electronics,Aster,1882.0,2653.62,4195,0.0,4195.0,1882.0,2313.0,55.14
21387,10387,3,2,4332,5,87,2026-03-14,Paid,Store,Customer 87,customer87@example.com,Hyderabad,Telangana,2026-07-19,Standard,Product 3,Sports,Cobalt,291.0,433.59,8664,433.20000000000005,8230.8,582.0,7648.799999999999,92.93
21388,10388,10,3,4469,10,88,2026-04-19,Shipped,Web,Customer 88,customer88@example.com,Mumbai,Maharashtra,2026-08-22,Premium,Product 10,Fashion,Evergreen,550.0,775.5,13407,1340.7,12066.3,1650.0,10416.3,86.33
21389,10389,17,4,4606,15,89,2026-05-24,Delivered,Mobile,Customer 89,customer89@example.com,Pune,Maharashtra,2026-01-25,Corporate,Product 17,Home,BluePeak,809.0,1075.97,18424,2763.6,15660.4,3236.0,12424.4,79.34
21391,10391,31,1,4880,0,91,2026-07-07,Placed,Web,Customer 91,customer91@example.com,Chennai,Tamil Nadu,2026-03-04,Premium,Product 31,Electronics,Aster,1327.0,1977.23,4880,0.0,4880.0,1327.0,3553.0,72.81
21392,10392,38,2,5017,5,92,2026-08-12,Paid,Mobile,Customer 92,customer92@example.com,Bengaluru,Karnataka,2026-04-07,Corporate,Product 38,Sports,Cobalt,1586.0,2236.26,10034,501.70000000000005,9532.3,3172.0,6360.299999999999,66.72
21393,10393,45,3,5154,10,93,2026-01-17,Shipped,Store,Customer 93,customer93@example.com,Hyderabad,Telangana,2026-05-10,Standard,Product 45,Fashion,Evergreen,1845.0,2453.85,15462,1546.2,13915.8,5535.0,8380.8,60.23
21394,10394,2,4,5291,15,94,2026-02-22,Delivered,Web,Customer 94,customer94@example.com,Mumbai,Maharashtra,2026-06-13,Premium,Product 2,Home,BluePeak,254.0,358.14,21164,3174.6,17989.4,1016.0,16973.4,94.35
21396,10396,16,1,5565,0,96,2026-04-05,Placed,Store,Customer 96,customer96@example.com,Kochi,Kerala,2026-08-19,Standard,Product 16,Electronics,Aster,772.0,965.0,5565,0.0,5565.0,772.0,4793.0,86.13
21397,10397,23,2,5702,5,97,2026-05-10,Paid,Web,Customer 97,customer97@example.com,Chennai,Tamil Nadu,2026-01-22,Premium,Product 23,Sports,Cobalt,1031.0,1536.19,11404,570.2,10833.8,2062.0,8771.8,80.97
21398,10398,30,3,5839,10,98,2026-06-15,Shipped,Mobile,Customer 98,customer98@example.com,Bengaluru,Karnataka,2026-02-25,Corporate,Product 30,Fashion,Evergreen,1290.0,1818.9,17517,1751.7,15765.3,3870.0,11895.3,75.45
21399,10399,37,4,5976,15,99,2026-07-20,Delivered,Store,Customer 99,customer99@example.com,Hyderabad,Telangana,2026-03-01,Standard,Product 37,Home,BluePeak,1549.0,2060.17,23904,3585.6,20318.4,6196.0,14122.400000000001,69.51
21401,10401,1,1,6250,0,1,2026-01-03,Placed,Mobile,Customer 1,customer1@example.com,Chennai,Tamil Nadu,2026-01-04,Premium,Product 1,Electronics,Aster,217.0,288.61,6250,0.0,6250.0,217.0,6033.0,96.53
21402,10402,8,2,6387,5,2,2026-02-08,Paid,Store,Customer 2,customer2@example.com,Bengaluru,Karnataka,2026-02-07,Corporate,Product 8,Sports,Cobalt,476.0,595.0,12774,638.7,12135.3,952.0,11183.3,92.16
21403,10403,15,3,6524,10,3,2026-03-13,Shipped,Web,Customer 3,customer3@example.com,Hyderabad,Telangana,2026-03-10,Standard,Product 15,Fashion,Evergreen,735.0,1095.15,19572,1957.2,17614.8,2205.0,15409.8,87.48
21404,10404,22,4,461,15,4,2026-04-18,Delivered,Mobile,Customer 4,customer4@example.com,Mumbai,Maharashtra,2026-04-13,Premium,Product 22,Home,BluePeak,994.0,1401.54,1844,276.59999999999997,1567.4,3976.0,-2408.6,-153.67
21406,10406,36,1,735,0,6,2026-06-01,Placed,Web,Customer 6,customer6@example.com,Kochi,Kerala,2026-06-19,Standard,Product 36,Electronics,Aster,1512.0,1890.0,735,0.0,735.0,1512.0,-777.0,-105.71
21407,10407,43,2,872,5,7,2026-07-06,Paid,Mobile,Customer 7,customer7@example.com,Chennai,Tamil Nadu,2026-07-22,Premium,Product 43,Sports,Cobalt,1771.0,2638.79,1744,87.2,1656.8,3542.0,-1885.2,-113.79
21408,10408,50,3,1009,10,8,2026-08-11,Shipped,Store,Customer 8,customer8@example.com,Bengaluru,Karnataka,2026-08-25,Corporate,Product 50,Fashion,Evergreen,2030.0,2862.3,3027,302.7,2724.3,6090.0,-3365.7,-123.54
21409,10409,7,4,1146,15,9,2026-01-16,Delivered,Web,Customer 9,customer9@example.com,Hyderabad,Telangana,2026-01-01,Standard,Product 7,Home,BluePeak,439.0,654.11,4584,687.6,3896.4,1756.0,2140.4,54.93
21411,10411,21,1,1420,0,11,2026-03-26,Placed,Store,Customer 11,customer11@example.com,Pune,Maharashtra,2026-03-07,Corporate,Product 21,Electronics,Aster,957.0,1272.81,1420,0.0,1420.0,957.0,463.0,32.61
21412,10412,28,2,1557,5,12,2026-04-04,Paid,Web,Customer 12,customer12@example.com,Kochi,Kerala,2026-04-10,Standard,Product 28,Sports,Cobalt,1216.0,1520.0,3114,155.70000000000002,2958.3,2432.0,526.3000000000002,17.79
21413,10413,35,3,1694,10,13,2026-05-09,Shipped,Mobile,Customer 13,customer13@example.com,Chennai,Tamil Nadu,2026-05-13,Premium,Product 35,Fashion,Evergreen,1475.0,2197.75,5082,508.20000000000005,4573.8,4425.0,148.80000000000018,3.25
21414,10414,42,4,1831,15,14,2026-06-14,Delivered,Store,Customer 14,customer14@example.com,Bengaluru,Karnataka,2026-06-16,Corporate,Product 42,Home,BluePeak,1734.0,2444.94,7324,1098.6,6225.4,6936.0,-710.6000000000004,-11.41
21416,10416,6,1,2105,0,16,2026-08-24,Placed,Mobile,Customer 16,customer16@example.com,Mumbai,Maharashtra,2026-08-22,Premium,Product 6,Electronics,Aster,402.0,566.82,2105,0.0,2105.0,402.0,1703.0,80.9
21417,10417,13,2,2242,5,17,2026-01-02,Paid,Store,Customer 17,customer17@example.com,Pune,Maharashtra,2026-01-25,Corporate,Product 13,Sports,Cobalt,661.0,879.13,4484,224.20000000000002,4259.8,1322.0,2937.8,68.97
21418,10418,20,3,2379,10,18,2026-02-07,Shipped,Web,Customer 18,customer18@example.com,Kochi,Kerala,2026-02-01,Standard,Product 20,Fashion,Evergreen,920.0,1150.0,7137,713.7,6423.3,2760.0,3663.3,57.03
21419,10419,27,4,2516,15,19,2026-03-12,Delivered,Mobile,Customer 19,customer19@example.com,Chennai,Tamil Nadu,2026-03-04,Premium,Product 27,Home,BluePeak,1179.0,1756.71,10064,1509.6,8554.4,4716.0,3838.3999999999996,44.87
21421,10421,41,1,2790,0,21,2026-05-22,Placed,Web,Customer 21,customer21@example.com,Hyderabad,Telangana,2026-05-10,Standard,Product 41,Electronics,Aster,1697.0,2257.01,2790,0.0,2790.0,1697.0,1093.0,39.18
21422,10422,48,2,2927,5,22,2026-06-27,Paid,Mobile,Customer 22,customer22@example.com,Mumbai,Maharashtra,2026-06-13,Premium,Product 48,Sports,Cobalt,1956.0,2445.0,5854,292.7,5561.3,3912.0,1649.3000000000002,29.66
21423,10423,5,3,3064,10,23,2026-07-05,Shipped,Store,Customer 23,customer23@example.com,Pune,Maharashtra,2026-07-16,Corporate,Product 5,Fashion,Evergreen,365.0,485.45,9192,919.2,8272.8,1095.0,7177.799999999999,86.76
21424,10424,12,4,3201,15,24,2026-08-10,Delivered,Web,Customer 24,customer24@example.com,Kochi,Kerala,2026-08-19,Standard,Product 12,Home,BluePeak,624.0,780.0,12804,1920.6,10883.4,2496.0,8387.4,77.07
21426,10426,26,1,3475,0,26,2026-02-20,Placed,Store,Customer 26,customer26@example.com,Bengaluru,Karnataka,2026-02-25,Corporate,Product 26,Electronics,Aster,1142.0,1610.22,3475,0.0,3475.0,1142.0,2333.0,67.14
21427,10427,33,2,3612,5,27,2026-03-25,Paid,Web,Customer 27,customer27@example.com,Hyderabad,Telangana,2026-03-01,Standard,Product 33,Sports,Cobalt,1401.0,1863.33,7224,361.20000000000005,6862.8,2802.0,4060.8,59.17
21428,10428,40,3,3749,10,28,2026-04-03,Shipped,Mobile,Customer 28,customer28@example.com,Mumbai,Maharashtra,2026-04-04,Premium,Product 40,Fashion,Evergreen,1660.0,2075.0,11247,1124.7,10122.3,4980.0,5142.299999999999,50.8
21429,10429,47,4,3886,15,29,2026-05-08,Delivered,Store,Customer 29,customer29@example.com,Pune,Maharashtra,2026-05-07,Corporate,Product 47,Home,BluePeak,1919.0,2859.31,15544,2331.6,13212.4,7676.0,5536.4,41.9
21431,10431,11,1,4160,0,31,2026-07-18,Placed,Mobile,Customer 31,customer31@example.com,Chennai,Tamil Nadu,2026-07-13,Premium,Product 11,Electronics,Aster,587.0,874.63,4160,0.0,4160.0,587.0,3573.0,85.89
21432,10432,18,2,4297,5,32,2026-08-23,Paid,Store,Customer 32,customer32@example.com,Bengaluru,Karnataka,2026-08-16,Corporate,Product 18,Sports,Cobalt,846.0,1192.86,8594,429.70000000000005,8164.3,1692.0,6472.3,79.28
21433,10433,25,3,4434,10,33,2026-01-01,Shipped,Web,Customer 33,customer33@example.com,Hyderabad,Telangana,2026-01-19,Standard,Product 25,Fashion,Evergreen,1105.0,1469.65,13302,1330.2,11971.8,3315.0,8656.8,72.31
21434,10434,32,4,4571,15,34,2026-02-06,Delivered,Mobile,Customer 34,customer34@example.com,Mumbai,Maharashtra,2026-02-22,Premium,Product 32,Home,BluePeak,1364.0,1705.0,18284,2742.6,15541.4,5456.0,10085.4,64.89
21436,10436,46,1,4845,0,36,2026-04-16,Placed,Web,Customer 36,customer36@example.com,Kochi,Kerala,2026-04-01,Standard,Product 46,Electronics,Aster,1882.0,2653.62,4845,0.0,4845.0,1882.0,2963.0,61.16
21437,10437,3,2,4982,5,37,2026-05-21,Paid,Mobile,Customer 37,customer37@example.com,Chennai,Tamil Nadu,2026-05-04,Premium,Product 3,Sports,Cobalt,291.0,433.59,9964,498.20000000000005,9465.8,582.0,8883.8,93.85
21438,10438,10,3,5119,10,38,2026-06-26,Shipped,Store,Customer 38,customer38@example.com,Bengaluru,Karnataka,2026-06-07,Corporate,Product 10,Fashion,Evergreen,550.0,775.5,15357,1535.7,13821.3,1650.0,12171.3,88.06
21439,10439,17,4,5256,15,39,2026-07-04,Delivered,Web,Customer 39,customer39@example.com,Hyderabad,Telangana,2026-07-10,Standard,Product 17,Home,BluePeak,809.0,1075.97,21024,3153.6,17870.4,3236.0,14634.400000000001,81.89
21441,10441,31,1,5530,0,41,2026-01-14,Placed,Store,Customer 41,customer41@example.com,Pune,Maharashtra,2026-01-16,Corporate,Product 31,Electronics,Aster,1327.0,1977.23,5530,0.0,5530.0,1327.0,4203.0,76.0
21442,10442,38,2,5667,5,42,2026-02-19,Paid,Web,Customer 42,customer42@example.com,Kochi,Kerala,2026-02-19,Standard,Product 38,Sports,Cobalt,1586.0,2236.26,11334,566.7,10767.3,3172.0,7595.299999999999,70.54
21443,10443,45,3,5804,10,43,2026-03-24,Shipped,Mobile,Customer 43,customer43@example.com,Chennai,Tamil Nadu,2026-03-22,Premium,Product 45,Fashion,Evergreen,1845.0,2453.85,17412,1741.2,15670.8,5535.0,10135.8,64.68
21444,10444,2,4,5941,15,44,2026-04-02,Delivered,Store,Customer 44,customer44@example.com,Bengaluru,Karnataka,2026-04-25,Corporate,Product 2,Home,BluePeak,254.0,358.14,23764,3564.6,20199.4,1016.0,19183.4,94.97
21446,10446,16,1,6215,0,46,2026-06-12,Placed,Mobile,Customer 46,customer46@example.com,Mumbai,Maharashtra,2026-06-04,Premium,Product 16,Electronics,Aster,772.0,965.0,6215,0.0,6215.0,772.0,5443.0,87.58
21447,10447,23,2,6352,5,47,2026-07-17,Paid,Store,Customer 47,customer47@example.com,Pune,Maharashtra,2026-07-07,Corporate,Product 23,Sports,Cobalt,1031.0,1536.19,12704,635.2,12068.8,2062.0,10006.8,82.91
21448,10448,30,3,6489,10,48,2026-08-22,Shipped,Web,Customer 48,customer48@example.com,Kochi,Kerala,2026-08-10,Standard,Product 30,Fashion,Evergreen,1290.0,1818.9,19467,1946.7,17520.3,3870.0,13650.3,77.91
21449,10449,37,4,6626,15,49,2026-01-27,Delivered,Mobile,Customer 49,customer49@example.com,Chennai,Tamil Nadu,2026-01-13,Premium,Product 37,Home,BluePeak,1549.0,2060.17,26504,3975.6,22528.4,6196.0,16332.400000000001,72.5
21451,10451,1,1,700,0,51,2026-03-10,Placed,Web,Customer 51,customer51@example.com,Hyderabad,Telangana,2026-03-19,Standard,Product 1,Electronics,Aster,217.0,288.61,700,0.0,700.0,217.0,483.0,69.0
21452,10452,8,2,837,5,52,2026-04-15,Paid,Mobile,Customer 52,customer52@example.com,Mumbai,Maharashtra,2026-04-22,Premium,Product 8,Sports,Cobalt,476.0,595.0,1674,83.7,1590.3,952.0,638.3,40.14
21453,10453,15,3,974,10,53,2026-05-20,Shipped,Store,Customer 53,customer53@example.com,Pune,Maharashtra,2026-05-25,Corporate,Product 15,Fashion,Evergreen,735.0,1095.15,2922,292.2,2629.8,2205.0,424.8000000000002,16.15
21454,10454,22,4,1111,15,54,2026-06-25,Delivered,Web,Customer 54,customer54@example.com,Kochi,Kerala,2026-06-01,Standard,Product 22,Home,BluePeak,994.0,1401.54,4444,666.6,3777.4,3976.0,-198.5999999999999,-5.26
21456,10456,36,1,1385,0,56,2026-08-08,Placed,Store,Customer 56,customer56@example.com,Bengaluru,Karnataka,2026-08-07,Corporate,Product 36,Electronics,Aster,1512.0,1890.0,1385,0.0,1385.0,1512.0,-127.0,-9.17
21457,10457,43,2,1522,5,57,2026-01-13,Paid,Web,Customer 57,customer57@example.com,Hyderabad,Telangana,2026-01-10,Standard,Product 43,Sports,Cobalt,1771.0,2638.79,3044,152.20000000000002,2891.8,3542.0,-650.1999999999998,-22.48
21458,10458,50,3,1659,10,58,2026-02-18,Shipped,Mobile,Customer 58,customer58@example.com,Mumbai,Maharashtra,2026-02-13,Premium,Product 50,Fashion,Evergreen,2030.0,2862.3,4977,497.70000000000005,4479.3,6090.0,-1610.6999999999998,-35.96
21459,10459,7,4,1796,15,59,2026-03-23,Delivered,Store,Customer 59,customer59@example.com,Pune,Maharashtra,2026-03-16,Corporate,Product 7,Home,BluePeak,439.0,654.11,7184,1077.6,6106.4,1756.0,4350.4,71.24
21461,10461,21,1,2070,0,61,2026-05-06,Placed,Mobile,Customer 61,customer61@example.com,Chennai,Tamil Nadu,2026-05-22,Premium,Product 21,Electronics,Aster,957.0,1272.81,2070,0.0,2070.0,957.0,1113.0,53.77
21462,10462,28,2,2207,5,62,2026-06-11,Paid,Store,Customer 62,customer62@example.com,Bengaluru,Karnataka,2026-06-25,Corporate,Product 28,Sports,Cobalt,1216.0,1520.0,4414,220.70000000000002,4193.3,2432.0,1761.3000000000002,42.0
21463,10463,35,3,2344,10,63,2026-07-16,Shipped,Web,Customer 63,customer63@example.com,Hyderabad,Telangana,2026-07-01,Standard,Product 35,Fashion,Evergreen,1475.0,2197.75,7032,703.2,6328.8,4425.0,1903.8000000000002,30.08
21464,10464,42,4,2481,15,64,2026-08-21,Delivered,Mobile,Customer 64,customer64@example.com,Mumbai,Maharashtra,2026-08-04,Premium,Product 42,Home,BluePeak,1734.0,2444.94,9924,1488.6,8435.4,6936.0,1499.3999999999996,17.78
21466,10466,6,1,2755,0,66,2026-02-04,Placed,Web,Customer 66,customer66@example.com,Kochi,Kerala,2026-02-10,Standard,Product 6,Electronics,Aster,402.0,566.82,2755,0.0,2755.0,402.0,2353.0,85.41
21467,10467,13,2,2892,5,67,2026-03-09,Paid,Mobile,Customer 67,customer67@example.com,Chennai,Tamil Nadu,2026-03-13,Premium,Product 13,Sports,Cobalt,661.0,879.13,5784,289.2,5494.8,1322.0,4172.8,75.94
21468,10468,20,3,3029,10,68,2026-04-14,Shipped,Store,Customer 68,customer68@example.com,Bengaluru,Karnataka,2026-04-16,Corporate,Product 20,Fashion,Evergreen,920.0,1150.0,9087,908.7,8178.3,2760.0,5418.3,66.25
21469,10469,27,4,3166,15,69,2026-05-19,Delivered,Web,Customer 69,customer69@example.com,Hyderabad,Telangana,2026-05-19,Standard,Product 27,Home,BluePeak,1179.0,1756.71,12664,1899.6,10764.4,4716.0,6048.4,56.19
21471,10471,41,1,3440,0,71,2026-07-02,Placed,Store,Customer 71,customer71@example.com,Pune,Maharashtra,2026-07-25,Corporate,Product 41,Electronics,Aster,1697.0,2257.01,3440,0.0,3440.0,1697.0,1743.0,50.67
21472,10472,48,2,3577,5,72,2026-08-07,Paid,Web,Customer 72,customer72@example.com,Kochi,Kerala,2026-08-01,Standard,Product 48,Sports,Cobalt,1956.0,2445.0,7154,357.70000000000005,6796.3,3912.0,2884.3,42.44
21473,10473,5,3,3714,10,73,2026-01-12,Shipped,Mobile,Customer 73,customer73@example.com,Chennai,Tamil Nadu,2026-01-04,Premium,Product 5,Fashion,Evergreen,365.0,485.45,11142,1114.2,10027.8,1095.0,8932.8,89.08
21474,10474,12,4,3851,15,74,2026-02-17,Delivered,Store,Customer 74,customer74@example.com,Bengaluru,Karnataka,2026-02-07,Corporate,Product 12,Home,BluePeak,624.0,780.0,15404,2310.6,13093.4,2496.0,10597.4,80.94
21476,10476,26,1,4125,0,76,2026-04-27,Placed,Mobile,Customer 76,customer76@example.com,Mumbai,Maharashtra,2026-04-13,Premium,Product 26,Electronics,Aster,1142.0,1610.22,4125,0.0,4125.0,1142.0,2983.0,72.32
21477,10477,33,2,4262,5,77,2026-05-05,Paid,Store,Customer 77,customer77@example.com,Pune,Maharashtra,2026-05-16,Corporate,Product 33,Sports,Cobalt,1401.0,1863.33,8524,426.20000000000005,8097.8,2802.0,5295.8,65.4
21478,10478,40,3,4399,10,78,2026-06-10,Shipped,Web,Customer 78,customer78@example.com,Kochi,Kerala,2026-06-19,Standard,Product 40,Fashion,Evergreen,1660.0,2075.0,13197,1319.7,11877.3,4980.0,6897.299999999999,58.07
21479,10479,47,4,4536,15,79,2026-07-15,Delivered,Mobile,Customer 79,customer79@example.com,Chennai,Tamil Nadu,2026-07-22,Premium,Product 47,Home,BluePeak,1919.0,2859.31,18144,2721.6,15422.4,7676.0,7746.4,50.23
21481,10481,11,1,4810,0,81,2026-01-25,Placed,Web,Customer 81,customer81@example.com,Hyderabad,Telangana,2026-01-01,Standard,Product 11,Electronics,Aster,587.0,874.63,4810,0.0,4810.0,587.0,4223.0,87.8
21482,10482,18,2,4947,5,82,2026-02-03,Paid,Mobile,Customer 82,customer82@example.com,Mumbai,Maharashtra,2026-02-04,Premium,Product 18,Sports,Cobalt,846.0,1192.86,9894,494.70000000000005,9399.3,1692.0,7707.299999999999,82.0
21483,10483,25,3,5084,10,83,2026-03-08,Shipped,Store,Customer 83,customer83@example.com,Pune,Maharashtra,2026-03-07,Corporate,Product 25,Fashion,Evergreen,1105.0,1469.65,15252,1525.2,13726.8,3315.0,10411.8,75.85
21484,10484,32,4,5221,15,84,2026-04-13,Delivered,Web,Customer 84,customer84@example.com,Kochi,Kerala,2026-04-10,Standard,Product 32,Home,BluePeak,1364.0,1705.0,20884,3132.6,17751.4,5456.0,12295.400000000001,69.26
21486,10486,46,1,5495,0,86,2026-06-23,Placed,Store,Customer 86,customer86@example.com,Bengaluru,Karnataka,2026-06-16,Corporate,Product 46,Electronics,Aster,1882.0,2653.62,5495,0.0,5495.0,1882.0,3613.0,65.75
21487,10487,3,2,5632,5,87,2026-07-01,Paid,Web,Customer 87,customer87@example.com,Hyderabad,Telangana,2026-07-19,Standard,Product 3,Sports,Cobalt,291.0,433.59,11264,563.2,10700.8,582.0,10118.8,94.56
21488,10488,10,3,5769,10,88,2026-08-06,Shipped,Mobile,Customer 88,customer88@example.com,Mumbai,Maharashtra,2026-08-22,Premium,Product 10,Fashion,Evergreen,550.0,775.5,17307,1730.7,15576.3,1650.0,13926.3,89.41
21489,10489,17,4,5906,15,89,2026-01-11,Delivered,Store,Customer 89,customer89@example.com,Pune,Maharashtra,2026-01-25,Corporate,Product 17,Home,BluePeak,809.0,1075.97,23624,3543.6,20080.4,3236.0,16844.4,83.88
21491,10491,31,1,6180,0,91,2026-03-21,Placed,Mobile,Customer 91,customer91@example.com,Chennai,Tamil Nadu,2026-03-04,Premium,Product 31,Electronics,Aster,1327.0,1977.23,6180,0.0,6180.0,1327.0,4853.0,78.53
21492,10492,38,2,6317,5,92,2026-04-26,Paid,Store,Customer 92,customer92@example.com,Bengaluru,Karnataka,2026-04-07,Corporate,Product 38,Sports,Cobalt,1586.0,2236.26,12634,631.7,12002.3,3172.0,8830.3,73.57
21493,10493,45,3,6454,10,93,2026-05-04,Shipped,Web,Customer 93,customer93@example.com,Hyderabad,Telangana,2026-05-10,Standard,Product 45,Fashion,Evergreen,1845.0,2453.85,19362,1936.2,17425.8,5535.0,11890.8,68.24
21494,10494,2,4,6591,15,94,2026-06-09,Delivered,Mobile,Customer 94,customer94@example.com,Mumbai,Maharashtra,2026-06-13,Premium,Product 2,Home,BluePeak,254.0,358.14,26364,3954.6,22409.4,1016.0,21393.4,95.47
21496,10496,16,1,665,0,96,2026-08-19,Placed,Web,Customer 96,customer96@example.com,Kochi,Kerala,2026-08-19,Standard,Product 16,Electronics,Aster,772.0,965.0,665,0.0,665.0,772.0,-107.0,-16.09
21497,10497,23,2,802,5,97,2026-01-24,Paid,Mobile,Customer 97,customer97@example.com,Chennai,Tamil Nadu,2026-01-22,Premium,Product 23,Sports,Cobalt,1031.0,1536.19,1604,80.2,1523.8,2062.0,-538.2,-35.32
21498,10498,30,3,939,10,98,2026-02-02,Shipped,Store,Customer 98,customer98@example.com,Bengaluru,Karnataka,2026-02-25,Corporate,Product 30,Fashion,Evergreen,1290.0,1818.9,2817,281.7,2535.3,3870.0,-1334.6999999999998,-52.64
21499,10499,37,4,1076,15,99,2026-03-07,Delivered,Web,Customer 99,customer99@example.com,Hyderabad,Telangana,2026-03-01,Standard,Product 37,Home,BluePeak,1549.0,2060.17,4304,645.6,3658.4,6196.0,-2537.6,-69.36
